responseId,participantId,assignmentId,trialIndex,scenarioId,scenarioType,scenarioPerson,condition,opponent,choice,rating,elapsedMs,side,chosen
6a1ec58eae120dd45d44bfbb:25:0,6a1ec58eae120dd45d44bfbb,25,0,priya_daily,daily,priya,soul,mind,left,9,82191,left,1.0
5eab170759f5390b776df5a1:15:0,5eab170759f5390b776df5a1,15,0,jonah_daily,daily,jonah,mind,soul,right,7,118721,left,0.0
6a1ec58eae120dd45d44bfbb:25:1,6a1ec58eae120dd45d44bfbb,25,1,priya_task,task,priya,body,full,left,8,75165,left,1.0
6a05d361e5c107c390a6e223:8:0,6a05d361e5c107c390a6e223,8,0,maya_daily,daily,maya,body,full,right,4,173608,left,0.0
69d7d67fd30867b10fb7e5b5:47:0,69d7d67fd30867b10fb7e5b5,47,0,serena_daily,daily,serena,soul,body,right,2,177527,left,0.0
61320873b568fa35a206c2b8:13:0,61320873b568fa35a206c2b8,13,0,jonah_daily,daily,jonah,baseline,full,left,9,99437,left,1.0
6a1d972aaf5d8856c4a31881:10:0,6a1d972aaf5d8856c4a31881,10,0,jonah_daily,daily,jonah,mind,baseline,right,6,429282,left,0.0
5eab170759f5390b776df5a1:15:1,5eab170759f5390b776df5a1,15,1,jonah_task,task,jonah,full,body,right,9,110545,left,0.0
6a1ec58eae120dd45d44bfbb:25:2,6a1ec58eae120dd45d44bfbb,25,2,alex_daily,daily,alex,body,baseline,right,7,65380,left,0.0
69d7d67fd30867b10fb7e5b5:47:1,69d7d67fd30867b10fb7e5b5,47,1,serena_task,task,serena,baseline,mind,right,2,62337,left,0.0
6a1ec58eae120dd45d44bfbb:25:3,6a1ec58eae120dd45d44bfbb,25,3,alex_task,task,alex,mind,body,right,8,46069,left,0.0
66a514309deb15f57d445c34:32:0,66a514309deb15f57d445c34,32,0,alex_daily,daily,alex,soul,baseline,right,6,157992,left,0.0
60e282f9202a8126e2ea0315:43:0,60e282f9202a8126e2ea0315,43,0,serena_daily,daily,serena,full,baseline,left,10,84109,left,1.0
69d7d67fd30867b10fb7e5b5:47:2,69d7d67fd30867b10fb7e5b5,47,2,maya_daily,daily,maya,full,baseline,right,5,56351,left,0.0
61320873b568fa35a206c2b8:13:1,61320873b568fa35a206c2b8,13,1,jonah_task,task,jonah,full,mind,right,6,96255,left,0.0
96606ca59fd9ef230d2197ce0:42:0,96606ca59fd9ef230d2197ce0,42,0,serena_daily,daily,serena,baseline,soul,left,10,135377,left,1.0
696b7e276cb4276753bcad40:24:0,696b7e276cb4276753bcad40,24,0,priya_daily,daily,priya,mind,body,left,8,304215,left,1.0
5ec14b142a92684125500c16:35:0,5ec14b142a92684125500c16,35,0,alex_daily,daily,alex,mind,soul,right,5,163291,left,0.0
6a05d361e5c107c390a6e223:8:1,6a05d361e5c107c390a6e223,8,1,maya_task,task,maya,body,baseline,left,6,149143,left,1.0
67e84556ca4ec6016a518cc4:39:0,67e84556ca4ec6016a518cc4,39,0,alex_daily,daily,alex,soul,full,right,6,207881,left,0.0
5eab170759f5390b776df5a1:15:2,5eab170759f5390b776df5a1,15,2,priya_daily,daily,priya,baseline,body,left,10,104955,left,1.0
6a1ec58eae120dd45d44bfbb:25:4,6a1ec58eae120dd45d44bfbb,25,4,serena_daily,daily,serena,soul,body,left,7,74109,left,1.0
6671902d786a7b551e3fbeff:25:0,6671902d786a7b551e3fbeff,25,0,priya_daily,daily,priya,soul,mind,right,7,191599,left,0.0
60e282f9202a8126e2ea0315:43:1,60e282f9202a8126e2ea0315,43,1,serena_task,task,serena,mind,full,left,10,69042,left,1.0
6980d3dbbb600a842714b4bb:30:0,6980d3dbbb600a842714b4bb,30,0,alex_daily,daily,alex,mind,baseline,left,8,315825,left,1.0
61320873b568fa35a206c2b8:13:2,61320873b568fa35a206c2b8,13,2,priya_daily,daily,priya,soul,full,right,6,74347,left,0.0
6a09175feec337179e25e261:3:0,6a09175feec337179e25e261,3,0,maya_daily,daily,maya,full,baseline,right,5,57107,left,0.0
5ec14b142a92684125500c16:35:1,5ec14b142a92684125500c16,35,1,alex_task,task,alex,full,body,right,6,73339,left,0.0
5eab170759f5390b776df5a1:15:3,5eab170759f5390b776df5a1,15,3,priya_task,task,priya,body,mind,right,6,60656,left,0.0
6a1ec58eae120dd45d44bfbb:25:5,6a1ec58eae120dd45d44bfbb,25,5,serena_task,task,serena,baseline,mind,left,10,49071,left,1.0
6671915529465459e8c75227:24:0,6671915529465459e8c75227,24,0,priya_daily,daily,priya,mind,body,left,8,357601,left,1.0
697a978f0b6dffb1045756dd:18:0,697a978f0b6dffb1045756dd,18,0,jonah_daily,daily,jonah,full,body,right,10,195559,left,0.0
6745d61c85294c5d2ed6bd5a:0:0,6745d61c85294c5d2ed6bd5a,0,0,maya_daily,daily,maya,baseline,mind,left,8,239001,left,1.0
60e282f9202a8126e2ea0315:43:2,60e282f9202a8126e2ea0315,43,2,maya_daily,daily,maya,full,soul,left,8,45867,left,1.0
61320873b568fa35a206c2b8:13:3,61320873b568fa35a206c2b8,13,3,priya_task,task,priya,soul,baseline,right,5,45868,left,0.0
65e08eceb53f195563b788fc:19:0,65e08eceb53f195563b788fc,19,0,jonah_daily,daily,jonah,soul,full,right,7,301094,left,0.0
672289c4feed35d829d563a6:6:0,672289c4feed35d829d563a6,6,0,maya_daily,daily,maya,mind,full,left,9,92042,left,1.0
6a18dbae72a3bf54e3b80e4c:21:0,6a18dbae72a3bf54e3b80e4c,21,0,priya_daily,daily,priya,body,baseline,right,4,96827,left,0.0
6963cf282d02e0a582af1901:35:0,6963cf282d02e0a582af1901,35,0,alex_daily,daily,alex,mind,soul,right,8,448413,left,0.0
69fd15d6abfe588617829d2d:26:0,69fd15d6abfe588617829d2d,26,0,priya_daily,daily,priya,mind,full,left,8,298230,left,1.0
96606ca59fd9ef230d2197ce0:42:1,96606ca59fd9ef230d2197ce0,42,1,serena_task,task,serena,soul,mind,left,3,162751,left,1.0
6a05d361e5c107c390a6e223:8:2,6a05d361e5c107c390a6e223,8,2,jonah_daily,daily,jonah,mind,body,left,8,147271,left,1.0
66a514309deb15f57d445c34:32:1,66a514309deb15f57d445c34,32,1,alex_task,task,alex,mind,soul,left,9,192414,left,1.0
69d7d67fd30867b10fb7e5b5:47:3,69d7d67fd30867b10fb7e5b5,47,3,maya_task,task,maya,mind,full,right,2,180877,left,0.0
66797151cf3b1921be1c405a:33:0,66797151cf3b1921be1c405a,33,0,alex_daily,daily,alex,baseline,full,left,7,359135,left,1.0
5eab170759f5390b776df5a1:15:4,5eab170759f5390b776df5a1,15,4,alex_daily,daily,alex,body,soul,left,6,89878,left,1.0
6a09175feec337179e25e261:3:1,6a09175feec337179e25e261,3,1,maya_task,task,maya,mind,full,right,4,102171,left,0.0
61320873b568fa35a206c2b8:13:4,61320873b568fa35a206c2b8,13,4,alex_daily,daily,alex,mind,soul,left,9,70305,left,1.0
6671902d786a7b551e3fbeff:25:1,6671902d786a7b551e3fbeff,25,1,priya_task,task,priya,body,full,left,10,144437,left,1.0
65e08eceb53f195563b788fc:19:1,65e08eceb53f195563b788fc,19,1,jonah_task,task,jonah,soul,baseline,left,9,73664,left,1.0
60e282f9202a8126e2ea0315:43:3,60e282f9202a8126e2ea0315,43,3,maya_task,task,maya,baseline,soul,left,10,86577,left,1.0
67d08d8bfb1d7900834824f7:3:0,67d08d8bfb1d7900834824f7,3,0,maya_daily,daily,maya,full,baseline,right,7,82915,left,0.0
6980d3dbbb600a842714b4bb:30:1,6980d3dbbb600a842714b4bb,30,1,alex_task,task,alex,baseline,full,right,5,152800,left,0.0
66ff0a0dcd4370bb07f02ab3:30:0,66ff0a0dcd4370bb07f02ab3,30,0,alex_daily,daily,alex,mind,baseline,right,4,267178,left,0.0
6a18dbae72a3bf54e3b80e4c:21:1,6a18dbae72a3bf54e3b80e4c,21,1,priya_task,task,priya,mind,body,left,6,83814,left,1.0
6671915529465459e8c75227:24:1,6671915529465459e8c75227,24,1,priya_task,task,priya,soul,body,left,9,126083,left,1.0
66a514309deb15f57d445c34:32:2,66a514309deb15f57d445c34,32,2,serena_daily,daily,serena,full,body,right,6,53930,left,0.0
6963cf282d02e0a582af1901:35:1,6963cf282d02e0a582af1901,35,1,alex_task,task,alex,full,body,right,8,81714,left,0.0
5ec14b142a92684125500c16:35:2,5ec14b142a92684125500c16,35,2,serena_daily,daily,serena,baseline,body,left,9,143105,left,1.0
6a09175feec337179e25e261:3:2,6a09175feec337179e25e261,3,2,jonah_daily,daily,jonah,full,soul,right,4,48925,left,0.0
61320873b568fa35a206c2b8:13:5,61320873b568fa35a206c2b8,13,5,alex_task,task,alex,full,body,left,8,52203,left,1.0
69fd15d6abfe588617829d2d:26:1,69fd15d6abfe588617829d2d,26,1,priya_task,task,priya,full,soul,left,7,83130,left,1.0
60dcae3d9a88d4d19b0931f5:1:0,60dcae3d9a88d4d19b0931f5,1,0,maya_daily,daily,maya,body,baseline,right,5,294288,left,0.0
66478563c5e9956d131acb9b:8:0,66478563c5e9956d131acb9b,8,0,maya_daily,daily,maya,body,full,right,6,388493,left,0.0
65e08eceb53f195563b788fc:19:2,65e08eceb53f195563b788fc,19,2,priya_daily,daily,priya,mind,soul,left,9,60217,left,1.0
6a05d361e5c107c390a6e223:8:3,6a05d361e5c107c390a6e223,8,3,jonah_task,task,jonah,soul,body,right,6,100592,left,0.0
6745d61c85294c5d2ed6bd5a:0:1,6745d61c85294c5d2ed6bd5a,0,1,maya_task,task,maya,full,baseline,right,5,163338,left,0.0
67d08d8bfb1d7900834824f7:3:1,67d08d8bfb1d7900834824f7,3,1,maya_task,task,maya,mind,full,right,8,60441,left,0.0
67e84556ca4ec6016a518cc4:39:1,67e84556ca4ec6016a518cc4,39,1,alex_task,task,alex,soul,baseline,left,7,259347,left,1.0
60e282f9202a8126e2ea0315:43:4,60e282f9202a8126e2ea0315,43,4,jonah_daily,daily,jonah,soul,mind,right,5,83175,left,0.0
66a514309deb15f57d445c34:32:3,66a514309deb15f57d445c34,32,3,serena_task,task,serena,baseline,body,left,8,55700,left,1.0
6671915529465459e8c75227:24:2,6671915529465459e8c75227,24,2,alex_daily,daily,alex,baseline,mind,left,9,65798,left,1.0
6671902d786a7b551e3fbeff:25:2,6671902d786a7b551e3fbeff,25,2,alex_daily,daily,alex,body,baseline,left,10,105492,left,1.0
5f45866db58295196efa95f1:9:0,5f45866db58295196efa95f1,9,0,maya_daily,daily,maya,full,soul,left,5,376995,left,1.0
6980d3dbbb600a842714b4bb:30:2,6980d3dbbb600a842714b4bb,30,2,serena_daily,daily,serena,full,mind,right,7,90085,left,0.0
6a09175feec337179e25e261:3:3,6a09175feec337179e25e261,3,3,jonah_task,task,jonah,baseline,soul,right,4,64635,left,0.0
5eab170759f5390b776df5a1:15:5,5eab170759f5390b776df5a1,15,5,alex_task,task,alex,mind,baseline,right,6,126608,left,0.0
65e08eceb53f195563b788fc:19:3,65e08eceb53f195563b788fc,19,3,priya_task,task,priya,full,body,left,10,48375,left,1.0
67d8270aba9f1c19f16caa6c:9:0,67d8270aba9f1c19f16caa6c,9,0,maya_daily,daily,maya,full,soul,left,8,449136,left,1.0
697b0cb0c7d40764da9869db:18:0,697b0cb0c7d40764da9869db,18,0,jonah_daily,daily,jonah,full,body,right,7,498268,left,0.0
67acd3c9faab3a14dfe87135:49:0,67acd3c9faab3a14dfe87135,49,0,serena_daily,daily,serena,full,soul,left,9,304324,left,1.0
69d7d67fd30867b10fb7e5b5:47:4,69d7d67fd30867b10fb7e5b5,47,4,jonah_daily,daily,jonah,full,soul,left,4,148147,left,1.0
67d08d8bfb1d7900834824f7:3:2,67d08d8bfb1d7900834824f7,3,2,jonah_daily,daily,jonah,full,soul,left,9,47092,left,1.0
6a18dbae72a3bf54e3b80e4c:21:2,6a18dbae72a3bf54e3b80e4c,21,2,alex_daily,daily,alex,soul,body,right,1,99660,left,0.0
96606ca59fd9ef230d2197ce0:42:2,96606ca59fd9ef230d2197ce0,42,2,maya_daily,daily,maya,body,full,left,10,169334,left,1.0
60e282f9202a8126e2ea0315:43:5,60e282f9202a8126e2ea0315,43,5,jonah_task,task,jonah,body,full,right,6,46779,left,0.0
6963cf282d02e0a582af1901:35:2,6963cf282d02e0a582af1901,35,2,serena_daily,daily,serena,baseline,body,right,2,109465,left,0.0
67d9c56cfb7d8efbf59c3541:16:0,67d9c56cfb7d8efbf59c3541,16,0,jonah_daily,daily,jonah,full,mind,right,6,408715,left,0.0
67d1a8b13bd1f195b6457311:19:0,67d1a8b13bd1f195b6457311,19,0,jonah_daily,daily,jonah,soul,full,right,4,458870,left,0.0
69fd15d6abfe588617829d2d:26:2,69fd15d6abfe588617829d2d,26,2,alex_daily,daily,alex,baseline,soul,right,4,110896,left,0.0
66a514309deb15f57d445c34:32:4,66a514309deb15f57d445c34,32,4,maya_daily,daily,maya,body,mind,right,7,66825,left,0.0
66c8905066339616cdb9c4b5:14:0,66c8905066339616cdb9c4b5,14,0,jonah_daily,daily,jonah,body,mind,right,3,255145,left,0.0
67232cb4fdfbe649d078af30:35:0,67232cb4fdfbe649d078af30,35,0,alex_daily,daily,alex,mind,soul,left,9,649433,left,1.0
5ec14b142a92684125500c16:35:3,5ec14b142a92684125500c16,35,3,serena_task,task,serena,body,mind,left,8,136895,left,1.0
6a09175feec337179e25e261:3:4,6a09175feec337179e25e261,3,4,priya_daily,daily,priya,soul,mind,right,3,64175,left,0.0
67d08d8bfb1d7900834824f7:3:3,67d08d8bfb1d7900834824f7,3,3,jonah_task,task,jonah,baseline,soul,right,5,51614,left,0.0
6a0b4a8f9f3c68331cf44591:29:0,6a0b4a8f9f3c68331cf44591,29,0,priya_daily,daily,priya,full,soul,right,8,176125,left,0.0
6745d61c85294c5d2ed6bd5a:0:2,6745d61c85294c5d2ed6bd5a,0,2,jonah_daily,daily,jonah,mind,full,left,8,111015,left,1.0
67e84556ca4ec6016a518cc4:39:2,67e84556ca4ec6016a518cc4,39,2,serena_daily,daily,serena,mind,soul,left,9,98472,left,1.0
69d7d67fd30867b10fb7e5b5:47:5,69d7d67fd30867b10fb7e5b5,47,5,jonah_task,task,jonah,baseline,soul,left,7,63210,left,1.0
6a18dbae72a3bf54e3b80e4c:21:3,6a18dbae72a3bf54e3b80e4c,21,3,alex_task,task,alex,baseline,mind,left,7,58384,left,1.0
6a05d361e5c107c390a6e223:8:4,6a05d361e5c107c390a6e223,8,4,priya_daily,daily,priya,baseline,mind,right,6,124981,left,0.0
697a978f0b6dffb1045756dd:18:1,697a978f0b6dffb1045756dd,18,1,jonah_task,task,jonah,baseline,body,left,10,297617,left,1.0
6671902d786a7b551e3fbeff:25:3,6671902d786a7b551e3fbeff,25,3,alex_task,task,alex,mind,body,right,8,97375,left,0.0
66797151cf3b1921be1c405a:33:1,66797151cf3b1921be1c405a,33,1,alex_task,task,alex,full,mind,right,5,224241,left,0.0
6963cf282d02e0a582af1901:35:3,6963cf282d02e0a582af1901,35,3,serena_task,task,serena,body,mind,left,10,69908,left,1.0
66a514309deb15f57d445c34:32:5,66a514309deb15f57d445c34,32,5,maya_task,task,maya,body,soul,right,6,54134,left,0.0
60dcae3d9a88d4d19b0931f5:1:1,60dcae3d9a88d4d19b0931f5,1,1,maya_task,task,maya,mind,body,left,10,237633,left,1.0
67acd3c9faab3a14dfe87135:49:1,67acd3c9faab3a14dfe87135,49,1,serena_task,task,serena,baseline,soul,left,8,107413,left,1.0
6671915529465459e8c75227:24:3,6671915529465459e8c75227,24,3,alex_task,task,alex,full,baseline,left,8,138255,left,1.0
6980d3dbbb600a842714b4bb:30:3,6980d3dbbb600a842714b4bb,30,3,serena_task,task,serena,soul,full,left,9,137188,left,1.0
66478563c5e9956d131acb9b:8:1,66478563c5e9956d131acb9b,8,1,maya_task,task,maya,body,baseline,right,5,185581,left,0.0
65e08eceb53f195563b788fc:19:4,65e08eceb53f195563b788fc,19,4,alex_daily,daily,alex,baseline,body,left,10,133539,left,1.0
67d08d8bfb1d7900834824f7:3:4,67d08d8bfb1d7900834824f7,3,4,priya_daily,daily,priya,soul,mind,right,7,66819,left,0.0
6a18dbae72a3bf54e3b80e4c:21:4,6a18dbae72a3bf54e3b80e4c,21,4,serena_daily,daily,serena,full,baseline,right,2,56378,left,0.0
6a09175feec337179e25e261:3:5,6a09175feec337179e25e261,3,5,priya_task,task,priya,body,full,right,3,71034,left,0.0
5ec14b142a92684125500c16:35:4,5ec14b142a92684125500c16,35,4,maya_daily,daily,maya,body,soul,left,7,87927,left,1.0
6745d61c85294c5d2ed6bd5a:0:3,6745d61c85294c5d2ed6bd5a,0,3,jonah_task,task,jonah,full,soul,right,5,75468,left,0.0
6737449def4924366e15da55:6:0,6737449def4924366e15da55,6,0,maya_daily,daily,maya,mind,full,right,3,238911,left,0.0
69fd15d6abfe588617829d2d:26:3,69fd15d6abfe588617829d2d,26,3,alex_task,task,alex,soul,mind,right,4,125397,left,0.0
96606ca59fd9ef230d2197ce0:42:3,96606ca59fd9ef230d2197ce0,42,3,maya_task,task,maya,body,baseline,right,10,156199,left,0.0
66ff0a0dcd4370bb07f02ab3:30:1,66ff0a0dcd4370bb07f02ab3,30,1,alex_task,task,alex,baseline,full,left,8,262715,left,1.0
6a05d361e5c107c390a6e223:8:5,6a05d361e5c107c390a6e223,8,5,priya_task,task,priya,full,baseline,left,8,101338,left,1.0
697b0cb0c7d40764da9869db:18:1,697b0cb0c7d40764da9869db,18,1,jonah_task,task,jonah,baseline,body,left,10,176534,left,1.0
66478563c5e9956d131acb9b:8:2,66478563c5e9956d131acb9b,8,2,jonah_daily,daily,jonah,mind,body,right,5,48754,left,0.0
67d08d8bfb1d7900834824f7:3:5,67d08d8bfb1d7900834824f7,3,5,priya_task,task,priya,body,full,right,7,46129,left,0.0
672289c4feed35d829d563a6:6:1,672289c4feed35d829d563a6,6,1,maya_task,task,maya,full,soul,right,2,369997,left,0.0
6a18dbae72a3bf54e3b80e4c:21:5,6a18dbae72a3bf54e3b80e4c,21,5,serena_task,task,serena,mind,full,left,5,60747,left,1.0
67d0094243dae460e5682b51:44:0,67d0094243dae460e5682b51,44,0,serena_daily,daily,serena,mind,body,right,6,380255,left,0.0
5ec14b142a92684125500c16:35:5,5ec14b142a92684125500c16,35,5,maya_task,task,maya,mind,baseline,right,6,57408,left,0.0
6671915529465459e8c75227:24:4,6671915529465459e8c75227,24,4,serena_daily,daily,serena,mind,full,right,6,86096,left,0.0
66797151cf3b1921be1c405a:33:2,66797151cf3b1921be1c405a,33,2,serena_daily,daily,serena,soul,full,right,5,117920,left,0.0
66c8905066339616cdb9c4b5:14:1,66c8905066339616cdb9c4b5,14,1,jonah_task,task,jonah,body,soul,left,6,161957,left,1.0
6671902d786a7b551e3fbeff:25:4,6671902d786a7b551e3fbeff,25,4,serena_daily,daily,serena,soul,body,right,7,123278,left,0.0
69b030f9596effaeb08745de:4:0,69b030f9596effaeb08745de,4,0,maya_daily,daily,maya,mind,body,left,7,712706,left,1.0
6a21f3ec20ac6ad000db057e:6:0,6a21f3ec20ac6ad000db057e,6,0,maya_daily,daily,maya,mind,full,right,7,495513,left,0.0
6a11e96e121c58edac86d8ae:40:0,6a11e96e121c58edac86d8ae,40,0,serena_daily,daily,serena,baseline,mind,right,4,405426,left,0.0
67210a7818b93a105b733212:37:0,67210a7818b93a105b733212,37,0,alex_daily,daily,alex,body,soul,right,8,509656,left,0.0
6980d3dbbb600a842714b4bb:30:4,6980d3dbbb600a842714b4bb,30,4,maya_daily,daily,maya,soul,baseline,left,8,101485,left,1.0
66478563c5e9956d131acb9b:8:3,66478563c5e9956d131acb9b,8,3,jonah_task,task,jonah,soul,body,left,8,49808,left,1.0
65e08eceb53f195563b788fc:19:5,65e08eceb53f195563b788fc,19,5,alex_task,task,alex,body,mind,right,6,100877,left,0.0
667f093681caac1b3478499a:3:0,667f093681caac1b3478499a,3,0,maya_daily,daily,maya,full,baseline,right,5,195438,left,0.0
67232cb4fdfbe649d078af30:35:1,67232cb4fdfbe649d078af30,35,1,alex_task,task,alex,full,body,left,9,70321,left,1.0
67d9c56cfb7d8efbf59c3541:16:1,67d9c56cfb7d8efbf59c3541,16,1,jonah_task,task,jonah,soul,full,right,7,210257,left,0.0
672289c4feed35d829d563a6:6:2,672289c4feed35d829d563a6,6,2,jonah_daily,daily,jonah,baseline,soul,left,9,62154,left,1.0
6a0b4a8f9f3c68331cf44591:29:1,6a0b4a8f9f3c68331cf44591,29,1,priya_task,task,priya,baseline,soul,left,9,188858,left,1.0
5f45866db58295196efa95f1:9:1,5f45866db58295196efa95f1,9,1,maya_task,task,maya,baseline,soul,right,5,268138,left,0.0
67e84556ca4ec6016a518cc4:39:3,67e84556ca4ec6016a518cc4,39,3,serena_task,task,serena,full,body,right,8,195212,left,0.0
6745d61c85294c5d2ed6bd5a:0:4,6745d61c85294c5d2ed6bd5a,0,4,priya_daily,daily,priya,baseline,soul,left,8,196559,left,1.0
6963cf282d02e0a582af1901:35:4,6963cf282d02e0a582af1901,35,4,maya_daily,daily,maya,body,soul,left,8,171876,left,1.0
60dcae3d9a88d4d19b0931f5:1:2,60dcae3d9a88d4d19b0931f5,1,2,jonah_daily,daily,jonah,soul,body,right,7,103771,left,0.0
6671915529465459e8c75227:24:5,6671915529465459e8c75227,24,5,serena_task,task,serena,full,soul,right,6,74886,left,0.0
697b0cb0c7d40764da9869db:18:2,697b0cb0c7d40764da9869db,18,2,priya_daily,daily,priya,body,mind,right,6,124821,left,0.0
66797151cf3b1921be1c405a:33:3,66797151cf3b1921be1c405a,33,3,serena_task,task,serena,soul,baseline,right,3,79515,left,0.0
66c8905066339616cdb9c4b5:14:2,66c8905066339616cdb9c4b5,14,2,priya_daily,daily,priya,mind,baseline,right,7,78461,left,0.0
96606ca59fd9ef230d2197ce0:42:4,96606ca59fd9ef230d2197ce0,42,4,jonah_daily,daily,jonah,mind,body,left,10,132937,left,1.0
66478563c5e9956d131acb9b:8:4,66478563c5e9956d131acb9b,8,4,priya_daily,daily,priya,baseline,mind,right,5,74846,left,0.0
6737449def4924366e15da55:6:1,6737449def4924366e15da55,6,1,maya_task,task,maya,full,soul,right,6,161974,left,0.0
6671902d786a7b551e3fbeff:25:5,6671902d786a7b551e3fbeff,25,5,serena_task,task,serena,baseline,mind,right,6,98166,left,0.0
60e465e96725db9f745b9ba5:47:0,60e465e96725db9f745b9ba5,47,0,serena_daily,daily,serena,soul,body,right,8,47643,left,0.0
672289c4feed35d829d563a6:6:3,672289c4feed35d829d563a6,6,3,jonah_task,task,jonah,soul,mind,right,6,69525,left,0.0
6a21f3ec20ac6ad000db057e:6:1,6a21f3ec20ac6ad000db057e,6,1,maya_task,task,maya,full,soul,left,9,104036,left,1.0
6963cf282d02e0a582af1901:35:5,6963cf282d02e0a582af1901,35,5,maya_task,task,maya,mind,baseline,left,9,63685,left,1.0
6980d3dbbb600a842714b4bb:30:5,6980d3dbbb600a842714b4bb,30,5,maya_task,task,maya,mind,soul,left,8,102916,left,1.0
66c8905066339616cdb9c4b5:14:3,66c8905066339616cdb9c4b5,14,3,priya_task,task,priya,baseline,full,left,9,53419,left,1.0
66478563c5e9956d131acb9b:8:5,66478563c5e9956d131acb9b,8,5,priya_task,task,priya,full,baseline,left,9,50482,left,1.0
69fd15d6abfe588617829d2d:26:4,69fd15d6abfe588617829d2d,26,4,serena_daily,daily,serena,body,full,right,4,209785,left,0.0
60dcae3d9a88d4d19b0931f5:1:3,60dcae3d9a88d4d19b0931f5,1,3,jonah_task,task,jonah,baseline,mind,right,7,89605,left,0.0
66ff0a0dcd4370bb07f02ab3:30:2,66ff0a0dcd4370bb07f02ab3,30,2,serena_daily,daily,serena,full,mind,left,8,201530,left,1.0
67232cb4fdfbe649d078af30:35:2,67232cb4fdfbe649d078af30,35,2,serena_daily,daily,serena,baseline,body,right,5,139004,left,0.0
673231ca547cd8ac8dfbffd6:12:0,673231ca547cd8ac8dfbffd6,12,0,jonah_daily,daily,jonah,soul,baseline,left,8,111129,left,1.0
697b0cb0c7d40764da9869db:18:3,697b0cb0c7d40764da9869db,18,3,priya_task,task,priya,body,soul,right,6,91081,left,0.0
66797151cf3b1921be1c405a:33:4,66797151cf3b1921be1c405a,33,4,maya_daily,daily,maya,mind,soul,left,8,94419,left,1.0
96606ca59fd9ef230d2197ce0:42:5,96606ca59fd9ef230d2197ce0,42,5,jonah_task,task,jonah,soul,body,right,5,80477,left,0.0
667f093681caac1b3478499a:3:1,667f093681caac1b3478499a,3,1,maya_task,task,maya,mind,full,right,3,161087,left,0.0
67e84556ca4ec6016a518cc4:39:4,67e84556ca4ec6016a518cc4,39,4,maya_daily,daily,maya,baseline,body,right,8,143057,left,0.0
5f45866db58295196efa95f1:9:2,5f45866db58295196efa95f1,9,2,jonah_daily,daily,jonah,soul,mind,left,3,156923,left,1.0
67d9c56cfb7d8efbf59c3541:16:2,67d9c56cfb7d8efbf59c3541,16,2,priya_daily,daily,priya,soul,baseline,left,9,174713,left,1.0
605ce029102320a2825111ef:15:0,605ce029102320a2825111ef,15,0,jonah_daily,daily,jonah,mind,soul,right,5,148713,left,0.0
6745d61c85294c5d2ed6bd5a:0:5,6745d61c85294c5d2ed6bd5a,0,5,priya_task,task,priya,soul,mind,right,5,93647,left,0.0
697a978f0b6dffb1045756dd:18:2,697a978f0b6dffb1045756dd,18,2,priya_daily,daily,priya,body,mind,left,10,364130,left,1.0
69fd15d6abfe588617829d2d:26:5,69fd15d6abfe588617829d2d,26,5,serena_task,task,serena,body,baseline,left,6,70445,left,1.0
66c8905066339616cdb9c4b5:14:4,66c8905066339616cdb9c4b5,14,4,alex_daily,daily,alex,full,mind,left,9,106027,left,1.0
6a11e96e121c58edac86d8ae:40:1,6a11e96e121c58edac86d8ae,40,1,serena_task,task,serena,full,baseline,right,6,227568,left,0.0
667f093681caac1b3478499a:3:2,667f093681caac1b3478499a,3,2,jonah_daily,daily,jonah,full,soul,left,7,61885,left,1.0
67d0094243dae460e5682b51:44:1,67d0094243dae460e5682b51,44,1,serena_task,task,serena,soul,body,left,10,257718,left,1.0
67d8270aba9f1c19f16caa6c:9:1,67d8270aba9f1c19f16caa6c,9,1,maya_task,task,maya,baseline,soul,left,8,479694,left,1.0
67232cb4fdfbe649d078af30:35:3,67232cb4fdfbe649d078af30,35,3,serena_task,task,serena,body,mind,right,6,106184,left,0.0
66797151cf3b1921be1c405a:33:5,66797151cf3b1921be1c405a,33,5,maya_task,task,maya,full,body,left,9,97822,left,1.0
67d1a8b13bd1f195b6457311:19:1,67d1a8b13bd1f195b6457311,19,1,jonah_task,task,jonah,soul,baseline,right,3,460967,left,0.0
611ebe16f706cd0ee4f4f876:23:0,611ebe16f706cd0ee4f4f876,23,0,priya_daily,daily,priya,full,baseline,right,1,548873,left,0.0
60dcae3d9a88d4d19b0931f5:1:4,60dcae3d9a88d4d19b0931f5,1,4,priya_daily,daily,priya,full,baseline,right,7,120039,left,0.0
6a21f3ec20ac6ad000db057e:6:2,6a21f3ec20ac6ad000db057e,6,2,jonah_daily,daily,jonah,baseline,soul,right,7,175275,left,0.0
697b0cb0c7d40764da9869db:18:4,697b0cb0c7d40764da9869db,18,4,alex_daily,daily,alex,mind,baseline,right,7,116460,left,0.0
66c8905066339616cdb9c4b5:14:5,66c8905066339616cdb9c4b5,14,5,alex_task,task,alex,soul,full,right,7,53812,left,0.0
6655ebfe7ae504e7ac8a35d7:21:0,6655ebfe7ae504e7ac8a35d7,21,0,priya_daily,daily,priya,body,baseline,right,1,902264,left,0.0
673231ca547cd8ac8dfbffd6:12:1,673231ca547cd8ac8dfbffd6,12,1,jonah_task,task,jonah,mind,soul,right,6,150249,left,0.0
6a0b4a8f9f3c68331cf44591:29:2,6a0b4a8f9f3c68331cf44591,29,2,alex_daily,daily,alex,soul,mind,right,7,289615,left,0.0
67d9c56cfb7d8efbf59c3541:16:3,67d9c56cfb7d8efbf59c3541,16,3,priya_task,task,priya,mind,soul,left,9,125512,left,1.0
67e84556ca4ec6016a518cc4:39:5,67e84556ca4ec6016a518cc4,39,5,maya_task,task,maya,body,mind,right,8,138410,left,0.0
6737449def4924366e15da55:6:2,6737449def4924366e15da55,6,2,jonah_daily,daily,jonah,baseline,soul,right,2,238269,left,0.0
605ce029102320a2825111ef:15:1,605ce029102320a2825111ef,15,1,jonah_task,task,jonah,full,body,left,9,132169,left,1.0
5f45866db58295196efa95f1:9:3,5f45866db58295196efa95f1,9,3,jonah_task,task,jonah,body,full,right,3,140646,left,0.0
667f093681caac1b3478499a:3:3,667f093681caac1b3478499a,3,3,jonah_task,task,jonah,baseline,soul,right,4,94862,left,0.0
66ff0a0dcd4370bb07f02ab3:30:3,66ff0a0dcd4370bb07f02ab3,30,3,serena_task,task,serena,soul,full,right,5,193210,left,0.0
60dcae3d9a88d4d19b0931f5:1:5,60dcae3d9a88d4d19b0931f5,1,5,priya_task,task,priya,mind,full,right,7,78647,left,0.0
6a21f3ec20ac6ad000db057e:6:3,6a21f3ec20ac6ad000db057e,6,3,jonah_task,task,jonah,soul,mind,right,9,74076,left,0.0
67210a7818b93a105b733212:37:1,67210a7818b93a105b733212,37,1,alex_task,task,alex,mind,baseline,right,6,356911,left,0.0
6a11e96e121c58edac86d8ae:40:2,6a11e96e121c58edac86d8ae,40,2,maya_daily,daily,maya,mind,full,right,5,128956,left,0.0
67232cb4fdfbe649d078af30:35:4,67232cb4fdfbe649d078af30,35,4,maya_daily,daily,maya,body,soul,right,4,111693,left,0.0
60e465e96725db9f745b9ba5:47:1,60e465e96725db9f745b9ba5,47,1,serena_task,task,serena,baseline,mind,left,9,287356,left,1.0
697b0cb0c7d40764da9869db:18:5,697b0cb0c7d40764da9869db,18,5,alex_task,task,alex,baseline,full,left,10,94325,left,1.0
67d9c56cfb7d8efbf59c3541:16:4,67d9c56cfb7d8efbf59c3541,16,4,alex_daily,daily,alex,full,body,left,9,81209,left,1.0
605ce029102320a2825111ef:15:2,605ce029102320a2825111ef,15,2,priya_daily,daily,priya,baseline,body,left,9,78870,left,1.0
672289c4feed35d829d563a6:6:4,672289c4feed35d829d563a6,6,4,priya_daily,daily,priya,body,full,right,9,57954,left,0.0
697a978f0b6dffb1045756dd:18:3,697a978f0b6dffb1045756dd,18,3,priya_task,task,priya,body,soul,left,10,194213,left,1.0
673231ca547cd8ac8dfbffd6:12:2,673231ca547cd8ac8dfbffd6,12,2,priya_daily,daily,priya,full,body,right,7,133895,left,0.0
67d1a8b13bd1f195b6457311:19:2,67d1a8b13bd1f195b6457311,19,2,priya_daily,daily,priya,mind,soul,right,4,125660,left,0.0
6a21f3ec20ac6ad000db057e:6:4,6a21f3ec20ac6ad000db057e,6,4,priya_daily,daily,priya,body,full,right,7,97707,left,0.0
672289c4feed35d829d563a6:6:5,672289c4feed35d829d563a6,6,5,priya_task,task,priya,body,baseline,left,9,45923,left,1.0
6a11e96e121c58edac86d8ae:40:3,6a11e96e121c58edac86d8ae,40,3,maya_task,task,maya,full,soul,right,6,97792,left,0.0
611ebe16f706cd0ee4f4f876:23:1,611ebe16f706cd0ee4f4f876,23,1,priya_task,task,priya,mind,full,left,6,199023,left,1.0
60e465e96725db9f745b9ba5:47:2,60e465e96725db9f745b9ba5,47,2,maya_daily,daily,maya,full,baseline,right,9,89996,left,0.0
6a0b4a8f9f3c68331cf44591:29:3,6a0b4a8f9f3c68331cf44591,29,3,alex_task,task,alex,body,full,right,7,162136,left,0.0
66ff0a0dcd4370bb07f02ab3:30:4,66ff0a0dcd4370bb07f02ab3,30,4,maya_daily,daily,maya,soul,baseline,right,6,144240,left,0.0
605ce029102320a2825111ef:15:3,605ce029102320a2825111ef,15,3,priya_task,task,priya,body,mind,left,8,82544,left,1.0
67232cb4fdfbe649d078af30:35:5,67232cb4fdfbe649d078af30,35,5,maya_task,task,maya,mind,baseline,right,5,119185,left,0.0
67d1a8b13bd1f195b6457311:19:3,67d1a8b13bd1f195b6457311,19,3,priya_task,task,priya,full,body,right,3,47249,left,0.0
67210a7818b93a105b733212:37:2,67210a7818b93a105b733212,37,2,serena_daily,daily,serena,baseline,full,right,6,146866,left,0.0
67d8270aba9f1c19f16caa6c:9:2,67d8270aba9f1c19f16caa6c,9,2,jonah_daily,daily,jonah,soul,mind,right,6,269737,left,0.0
6737449def4924366e15da55:6:3,6737449def4924366e15da55,6,3,jonah_task,task,jonah,soul,mind,right,1,205575,left,0.0
6a21f3ec20ac6ad000db057e:6:5,6a21f3ec20ac6ad000db057e,6,5,priya_task,task,priya,body,baseline,left,9,72600,left,1.0
67d0094243dae460e5682b51:44:2,67d0094243dae460e5682b51,44,2,maya_daily,daily,maya,baseline,mind,left,9,278711,left,1.0
611ebe16f706cd0ee4f4f876:23:2,611ebe16f706cd0ee4f4f876,23,2,alex_daily,daily,alex,full,soul,right,4,59942,left,0.0
667f093681caac1b3478499a:3:4,667f093681caac1b3478499a,3,4,priya_daily,daily,priya,soul,mind,right,4,197411,left,0.0
67d9c56cfb7d8efbf59c3541:16:5,67d9c56cfb7d8efbf59c3541,16,5,alex_task,task,alex,baseline,body,left,9,132101,left,1.0
673231ca547cd8ac8dfbffd6:12:3,673231ca547cd8ac8dfbffd6,12,3,priya_task,task,priya,baseline,body,left,8,99637,left,1.0
697a978f0b6dffb1045756dd:18:4,697a978f0b6dffb1045756dd,18,4,alex_daily,daily,alex,mind,baseline,left,8,149636,left,1.0
67d012f35c929bac3118c6f5:15:0,67d012f35c929bac3118c6f5,15,0,jonah_daily,daily,jonah,mind,soul,right,8,66526,left,0.0
60e465e96725db9f745b9ba5:47:3,60e465e96725db9f745b9ba5,47,3,maya_task,task,maya,mind,full,left,8,105462,left,1.0
5f45866db58295196efa95f1:9:4,5f45866db58295196efa95f1,9,4,priya_daily,daily,priya,body,baseline,left,5,252504,left,1.0
69dd6ad13b039a859ddf8d61:3:0,69dd6ad13b039a859ddf8d61,3,0,maya_daily,daily,maya,full,baseline,right,1,451419,left,0.0
611ebe16f706cd0ee4f4f876:23:3,611ebe16f706cd0ee4f4f876,23,3,alex_task,task,alex,baseline,soul,left,7,51551,left,1.0
667f093681caac1b3478499a:3:5,667f093681caac1b3478499a,3,5,priya_task,task,priya,body,full,right,5,60737,left,0.0
6a11e96e121c58edac86d8ae:40:4,6a11e96e121c58edac86d8ae,40,4,jonah_daily,daily,jonah,baseline,soul,right,6,137098,left,0.0
67210a7818b93a105b733212:37:3,67210a7818b93a105b733212,37,3,serena_task,task,serena,full,mind,right,5,95463,left,0.0
673360818b5b7adc97b37846:15:0,673360818b5b7adc97b37846,15,0,jonah_daily,daily,jonah,mind,soul,right,6,192528,left,0.0
605ce029102320a2825111ef:15:4,605ce029102320a2825111ef,15,4,alex_daily,daily,alex,body,soul,right,6,133431,left,0.0
66ff0a0dcd4370bb07f02ab3:30:5,66ff0a0dcd4370bb07f02ab3,30,5,maya_task,task,maya,mind,soul,left,7,166009,left,1.0
611ebe16f706cd0ee4f4f876:23:4,611ebe16f706cd0ee4f4f876,23,4,serena_daily,daily,serena,soul,mind,left,7,77911,left,1.0
67d1a8b13bd1f195b6457311:19:4,67d1a8b13bd1f195b6457311,19,4,alex_daily,daily,alex,baseline,body,left,9,177971,left,1.0
673231ca547cd8ac8dfbffd6:12:4,673231ca547cd8ac8dfbffd6,12,4,alex_daily,daily,alex,body,mind,right,3,135680,left,0.0
697a978f0b6dffb1045756dd:18:5,697a978f0b6dffb1045756dd,18,5,alex_task,task,alex,baseline,full,left,3,136441,left,1.0
6a11e96e121c58edac86d8ae:40:5,6a11e96e121c58edac86d8ae,40,5,jonah_task,task,jonah,soul,mind,right,7,101002,left,0.0
67d8270aba9f1c19f16caa6c:9:3,67d8270aba9f1c19f16caa6c,9,3,jonah_task,task,jonah,body,full,right,6,205174,left,0.0
60e465e96725db9f745b9ba5:47:4,60e465e96725db9f745b9ba5,47,4,jonah_daily,daily,jonah,full,soul,right,6,145090,left,0.0
6a0b4a8f9f3c68331cf44591:29:4,6a0b4a8f9f3c68331cf44591,29,4,serena_daily,daily,serena,body,baseline,right,6,259854,left,0.0
5f45866db58295196efa95f1:9:5,5f45866db58295196efa95f1,9,5,priya_task,task,priya,mind,body,left,5,150956,left,1.0
611ebe16f706cd0ee4f4f876:23:5,611ebe16f706cd0ee4f4f876,23,5,serena_task,task,serena,body,full,right,3,76027,left,0.0
673360818b5b7adc97b37846:15:1,673360818b5b7adc97b37846,15,1,jonah_task,task,jonah,full,body,right,6,139564,left,0.0
673231ca547cd8ac8dfbffd6:12:5,673231ca547cd8ac8dfbffd6,12,5,alex_task,task,alex,body,soul,right,6,79980,left,0.0
67d1a8b13bd1f195b6457311:19:5,67d1a8b13bd1f195b6457311,19,5,alex_task,task,alex,body,mind,right,5,96569,left,0.0
605ce029102320a2825111ef:15:5,605ce029102320a2825111ef,15,5,alex_task,task,alex,mind,baseline,left,8,160857,left,1.0
6737449def4924366e15da55:6:4,6737449def4924366e15da55,6,4,priya_daily,daily,priya,body,full,right,7,274988,left,0.0
66a5fe222e68e08d31cb37db:5:0,66a5fe222e68e08d31cb37db,5,0,maya_daily,daily,maya,soul,mind,right,4,291494,left,0.0
60e465e96725db9f745b9ba5:47:5,60e465e96725db9f745b9ba5,47,5,jonah_task,task,jonah,baseline,soul,right,5,88167,left,0.0
67d0094243dae460e5682b51:44:3,67d0094243dae460e5682b51,44,3,maya_task,task,maya,full,baseline,right,7,286842,left,0.0
6655ebfe7ae504e7ac8a35d7:21:1,6655ebfe7ae504e7ac8a35d7,21,1,priya_task,task,priya,mind,body,right,10,179517,left,0.0
6a0b4a8f9f3c68331cf44591:29:5,6a0b4a8f9f3c68331cf44591,29,5,serena_task,task,serena,mind,body,left,9,102634,left,1.0
69dd6ad13b039a859ddf8d61:3:1,69dd6ad13b039a859ddf8d61,3,1,maya_task,task,maya,mind,full,left,9,269142,left,1.0
67d0094243dae460e5682b51:44:4,67d0094243dae460e5682b51,44,4,jonah_daily,daily,jonah,mind,full,right,7,159973,left,0.0
6737449def4924366e15da55:6:5,6737449def4924366e15da55,6,5,priya_task,task,priya,body,baseline,right,6,217555,left,0.0
673360818b5b7adc97b37846:15:2,673360818b5b7adc97b37846,15,2,priya_daily,daily,priya,baseline,body,left,8,301048,left,1.0
69dd6ad13b039a859ddf8d61:3:2,69dd6ad13b039a859ddf8d61,3,2,jonah_daily,daily,jonah,full,soul,left,9,214967,left,1.0
67d8270aba9f1c19f16caa6c:9:4,67d8270aba9f1c19f16caa6c,9,4,priya_daily,daily,priya,body,baseline,right,2,358304,left,0.0
67d0094243dae460e5682b51:44:5,67d0094243dae460e5682b51,44,5,jonah_task,task,jonah,full,soul,left,9,101617,left,1.0
6655ebfe7ae504e7ac8a35d7:21:2,6655ebfe7ae504e7ac8a35d7,21,2,alex_daily,daily,alex,soul,body,right,3,259596,left,0.0
66a5fe222e68e08d31cb37db:5:1,66a5fe222e68e08d31cb37db,5,1,maya_task,task,maya,body,full,right,6,297516,left,0.0
6a1f5bcb307678d7273e0f32:19:0,6a1f5bcb307678d7273e0f32,19,0,jonah_daily,daily,jonah,soul,full,right,5,46482,left,0.0
69dd6ad13b039a859ddf8d61:3:3,69dd6ad13b039a859ddf8d61,3,3,jonah_task,task,jonah,baseline,soul,left,10,73099,left,1.0
6a1f5bcb307678d7273e0f32:19:1,6a1f5bcb307678d7273e0f32,19,1,jonah_task,task,jonah,soul,baseline,left,8,89092,left,1.0
6655ebfe7ae504e7ac8a35d7:21:3,6655ebfe7ae504e7ac8a35d7,21,3,alex_task,task,alex,baseline,mind,left,10,150125,left,1.0
66a5fe222e68e08d31cb37db:5:2,66a5fe222e68e08d31cb37db,5,2,jonah_daily,daily,jonah,body,baseline,right,7,145387,left,0.0
67d8270aba9f1c19f16caa6c:9:5,67d8270aba9f1c19f16caa6c,9,5,priya_task,task,priya,mind,body,left,9,178584,left,1.0
69dd6ad13b039a859ddf8d61:3:4,69dd6ad13b039a859ddf8d61,3,4,priya_daily,daily,priya,soul,mind,right,4,115273,left,0.0
6a1f5bcb307678d7273e0f32:19:2,6a1f5bcb307678d7273e0f32,19,2,priya_daily,daily,priya,mind,soul,left,9,68585,left,1.0
66a5fe222e68e08d31cb37db:5:3,66a5fe222e68e08d31cb37db,5,3,jonah_task,task,jonah,mind,body,left,8,73715,left,1.0
6a1f5bcb307678d7273e0f32:19:3,6a1f5bcb307678d7273e0f32,19,3,priya_task,task,priya,full,body,left,9,45561,left,1.0
673360818b5b7adc97b37846:15:4,673360818b5b7adc97b37846,15,4,alex_daily,daily,alex,body,soul,right,8,199842,left,0.0
6a1f5bcb307678d7273e0f32:19:4,6a1f5bcb307678d7273e0f32,19,4,alex_daily,daily,alex,baseline,body,right,5,45943,left,0.0
69dd6ad13b039a859ddf8d61:3:5,69dd6ad13b039a859ddf8d61,3,5,priya_task,task,priya,body,full,right,3,122692,left,0.0
6a1f5bcb307678d7273e0f32:19:5,6a1f5bcb307678d7273e0f32,19,5,alex_task,task,alex,body,mind,right,7,46837,left,0.0
6a1b7ab1165d4354b5e8b718:46:0,6a1b7ab1165d4354b5e8b718,46,0,serena_daily,daily,serena,mind,full,left,8,228786,left,1.0
66a5fe222e68e08d31cb37db:5:4,66a5fe222e68e08d31cb37db,5,4,priya_daily,daily,priya,soul,body,right,6,161963,left,0.0
673360818b5b7adc97b37846:15:5,673360818b5b7adc97b37846,15,5,alex_task,task,alex,mind,baseline,left,8,109890,left,1.0
66a5fe222e68e08d31cb37db:5:5,66a5fe222e68e08d31cb37db,5,5,priya_task,task,priya,baseline,mind,left,9,49577,left,1.0
6655ebfe7ae504e7ac8a35d7:21:4,6655ebfe7ae504e7ac8a35d7,21,4,serena_daily,daily,serena,full,baseline,right,3,324592,left,0.0
6695360f96ecb0ec51bdbf5e:19:0,6695360f96ecb0ec51bdbf5e,19,0,jonah_daily,daily,jonah,soul,full,left,10,417556,left,1.0
6a1b7ab1165d4354b5e8b718:46:1,6a1b7ab1165d4354b5e8b718,46,1,serena_task,task,serena,full,soul,left,8,239230,left,1.0
6655ebfe7ae504e7ac8a35d7:21:5,6655ebfe7ae504e7ac8a35d7,21,5,serena_task,task,serena,mind,full,right,5,151610,left,0.0
695fe101e718a910de31cbab:17:0,695fe101e718a910de31cbab,17,0,jonah_daily,daily,jonah,body,soul,right,4,252387,left,0.0
6a1b7ab1165d4354b5e8b718:46:2,6a1b7ab1165d4354b5e8b718,46,2,maya_daily,daily,maya,baseline,soul,left,10,70500,left,1.0
6695360f96ecb0ec51bdbf5e:19:1,6695360f96ecb0ec51bdbf5e,19,1,jonah_task,task,jonah,soul,baseline,right,10,278265,left,0.0
6a00297ff9c814c9d89abd9d:30:0,6a00297ff9c814c9d89abd9d,30,0,alex_daily,daily,alex,mind,baseline,right,4,441736,left,0.0
6a1b7ab1165d4354b5e8b718:46:3,6a1b7ab1165d4354b5e8b718,46,3,maya_task,task,maya,soul,mind,right,7,158201,left,0.0
695fe101e718a910de31cbab:17:1,695fe101e718a910de31cbab,17,1,jonah_task,task,jonah,mind,baseline,right,4,225350,left,0.0
6a16e48625a8729b8578bbaa:12:0,6a16e48625a8729b8578bbaa,12,0,jonah_daily,daily,jonah,soul,baseline,right,2,564922,left,0.0
6695360f96ecb0ec51bdbf5e:19:2,6695360f96ecb0ec51bdbf5e,19,2,priya_daily,daily,priya,mind,soul,right,9,116190,left,0.0
67d005ea50e8bd0c72618dfa:41:0,67d005ea50e8bd0c72618dfa,41,0,serena_daily,daily,serena,body,baseline,right,1,241978,left,0.0
69dd7318e7ae811c9680e041:49:0,69dd7318e7ae811c9680e041,49,0,serena_daily,daily,serena,full,soul,right,6,385987,left,0.0
6695360f96ecb0ec51bdbf5e:19:3,6695360f96ecb0ec51bdbf5e,19,3,priya_task,task,priya,full,body,left,10,62744,left,1.0
6a1b7ab1165d4354b5e8b718:46:4,6a1b7ab1165d4354b5e8b718,46,4,jonah_daily,daily,jonah,body,full,right,7,141564,left,0.0
6a02eed302264dff7a9586fc:38:0,6a02eed302264dff7a9586fc,38,0,alex_daily,daily,alex,full,body,left,10,136914,left,1.0
67d005ea50e8bd0c72618dfa:41:1,67d005ea50e8bd0c72618dfa,41,1,serena_task,task,serena,mind,body,left,10,128869,left,1.0
6a1b7ab1165d4354b5e8b718:46:5,6a1b7ab1165d4354b5e8b718,46,5,jonah_task,task,jonah,body,baseline,right,6,54346,left,0.0
6a02eed302264dff7a9586fc:38:1,6a02eed302264dff7a9586fc,38,1,alex_task,task,alex,baseline,body,right,8,55174,left,0.0
6695360f96ecb0ec51bdbf5e:19:4,6695360f96ecb0ec51bdbf5e,19,4,alex_daily,daily,alex,baseline,body,left,10,117814,left,1.0
69f24e38225e04f9d1ea49f4:47:0,69f24e38225e04f9d1ea49f4,47,0,serena_daily,daily,serena,soul,body,right,8,393019,left,0.0
695fe101e718a910de31cbab:17:2,695fe101e718a910de31cbab,17,2,priya_daily,daily,priya,baseline,full,right,1,239226,left,0.0
6a02eed302264dff7a9586fc:38:2,6a02eed302264dff7a9586fc,38,2,serena_daily,daily,serena,body,mind,left,10,61490,left,1.0
67d005ea50e8bd0c72618dfa:41:2,67d005ea50e8bd0c72618dfa,41,2,maya_daily,daily,maya,soul,body,left,8,88864,left,1.0
60843a5bac9fbcc4a389cf29:8:0,60843a5bac9fbcc4a389cf29,8,0,maya_daily,daily,maya,body,full,right,6,404499,left,0.0
6695360f96ecb0ec51bdbf5e:19:5,6695360f96ecb0ec51bdbf5e,19,5,alex_task,task,alex,body,mind,left,10,95566,left,1.0
69dd7318e7ae811c9680e041:49:1,69dd7318e7ae811c9680e041,49,1,serena_task,task,serena,baseline,soul,left,10,223087,left,1.0
6a02eed302264dff7a9586fc:38:3,6a02eed302264dff7a9586fc,38,3,serena_task,task,serena,body,soul,left,9,71454,left,1.0
67d005ea50e8bd0c72618dfa:41:3,67d005ea50e8bd0c72618dfa,41,3,maya_task,task,maya,baseline,mind,left,10,73575,left,1.0
6a229a63b2044a3b6694cdf5:32:0,6a229a63b2044a3b6694cdf5,32,0,alex_daily,daily,alex,soul,baseline,right,6,769760,left,0.0
67c045fa5074c5500ca40e76:42:0,67c045fa5074c5500ca40e76,42,0,serena_daily,daily,serena,baseline,soul,left,8,315305,left,1.0
69f24e38225e04f9d1ea49f4:47:1,69f24e38225e04f9d1ea49f4,47,1,serena_task,task,serena,baseline,mind,right,7,186698,left,0.0
695fe101e718a910de31cbab:17:3,695fe101e718a910de31cbab,17,3,priya_task,task,priya,full,mind,right,5,179888,left,0.0
6a02eed302264dff7a9586fc:38:4,6a02eed302264dff7a9586fc,38,4,maya_daily,daily,maya,mind,baseline,left,10,92242,left,1.0
6a00297ff9c814c9d89abd9d:30:1,6a00297ff9c814c9d89abd9d,30,1,alex_task,task,alex,baseline,full,left,7,455155,left,1.0
69f24e38225e04f9d1ea49f4:47:2,69f24e38225e04f9d1ea49f4,47,2,maya_daily,daily,maya,full,baseline,left,9,63933,left,1.0
67d005ea50e8bd0c72618dfa:41:4,67d005ea50e8bd0c72618dfa,41,4,jonah_daily,daily,jonah,full,baseline,right,6,140407,left,0.0
6a02eed302264dff7a9586fc:38:5,6a02eed302264dff7a9586fc,38,5,maya_task,task,maya,baseline,full,right,7,61624,left,0.0
6a1e0c3ca12895b8ceb08628:23:0,6a1e0c3ca12895b8ceb08628,23,0,priya_daily,daily,priya,full,baseline,right,3,52389,left,0.0
60843a5bac9fbcc4a389cf29:8:1,60843a5bac9fbcc4a389cf29,8,1,maya_task,task,maya,body,baseline,right,7,201442,left,0.0
69f24e38225e04f9d1ea49f4:47:3,69f24e38225e04f9d1ea49f4,47,3,maya_task,task,maya,mind,full,right,8,47200,left,0.0
67d005ea50e8bd0c72618dfa:41:5,67d005ea50e8bd0c72618dfa,41,5,jonah_task,task,jonah,mind,full,right,7,74953,left,0.0
6984afed1eac95dcf5fbe02d:25:0,6984afed1eac95dcf5fbe02d,25,0,priya_daily,daily,priya,soul,mind,right,4,179927,left,0.0
695fe101e718a910de31cbab:17:4,695fe101e718a910de31cbab,17,4,alex_daily,daily,alex,soul,full,left,9,191748,left,1.0
6a1e0c3ca12895b8ceb08628:23:1,6a1e0c3ca12895b8ceb08628,23,1,priya_task,task,priya,mind,full,right,4,124789,left,0.0
69f24e38225e04f9d1ea49f4:47:4,69f24e38225e04f9d1ea49f4,47,4,jonah_daily,daily,jonah,full,soul,left,9,109152,left,1.0
6a00297ff9c814c9d89abd9d:30:2,6a00297ff9c814c9d89abd9d,30,2,serena_daily,daily,serena,full,mind,right,5,206453,left,0.0
60843a5bac9fbcc4a389cf29:8:2,60843a5bac9fbcc4a389cf29,8,2,jonah_daily,daily,jonah,mind,body,left,10,128508,left,1.0
6a16e48625a8729b8578bbaa:12:1,6a16e48625a8729b8578bbaa,12,1,jonah_task,task,jonah,mind,soul,left,10,656596,left,1.0
69f24e38225e04f9d1ea49f4:47:5,69f24e38225e04f9d1ea49f4,47,5,jonah_task,task,jonah,baseline,soul,left,9,48542,left,1.0
67c045fa5074c5500ca40e76:42:1,67c045fa5074c5500ca40e76,42,1,serena_task,task,serena,soul,mind,right,5,358540,left,0.0
6a1e0c3ca12895b8ceb08628:23:2,6a1e0c3ca12895b8ceb08628,23,2,alex_daily,daily,alex,full,soul,left,5,107694,left,1.0
695fe101e718a910de31cbab:17:5,695fe101e718a910de31cbab,17,5,alex_task,task,alex,soul,baseline,right,4,144729,left,0.0
6984afed1eac95dcf5fbe02d:25:1,6984afed1eac95dcf5fbe02d,25,1,priya_task,task,priya,body,full,left,10,164868,left,1.0
6a1e0c3ca12895b8ceb08628:23:3,6a1e0c3ca12895b8ceb08628,23,3,alex_task,task,alex,baseline,soul,left,5,46133,left,1.0
60843a5bac9fbcc4a389cf29:8:3,60843a5bac9fbcc4a389cf29,8,3,jonah_task,task,jonah,soul,body,left,8,166885,left,1.0
6a00297ff9c814c9d89abd9d:30:3,6a00297ff9c814c9d89abd9d,30,3,serena_task,task,serena,soul,full,right,4,195010,left,0.0
6a1e0c3ca12895b8ceb08628:23:4,6a1e0c3ca12895b8ceb08628,23,4,serena_daily,daily,serena,soul,mind,right,4,55465,left,0.0
6984afed1eac95dcf5fbe02d:25:2,6984afed1eac95dcf5fbe02d,25,2,alex_daily,daily,alex,body,baseline,right,1,129948,left,0.0
6a1e0c3ca12895b8ceb08628:23:5,6a1e0c3ca12895b8ceb08628,23,5,serena_task,task,serena,body,full,right,5,45879,left,0.0
67c045fa5074c5500ca40e76:42:2,67c045fa5074c5500ca40e76,42,2,maya_daily,daily,maya,body,full,right,6,177965,left,0.0
6a229a63b2044a3b6694cdf5:32:1,6a229a63b2044a3b6694cdf5,32,1,alex_task,task,alex,mind,soul,left,10,565849,left,1.0
6984afed1eac95dcf5fbe02d:25:3,6984afed1eac95dcf5fbe02d,25,3,alex_task,task,alex,mind,body,right,2,48031,left,0.0
6a1ec58eae120dd45d44bfbb:25:0,6a1ec58eae120dd45d44bfbb,25,0,priya_daily,daily,priya,mind,soul,left,7,82191,right,0.0
5eab170759f5390b776df5a1:15:0,5eab170759f5390b776df5a1,15,0,jonah_daily,daily,jonah,soul,mind,right,8,118721,right,1.0
6a1ec58eae120dd45d44bfbb:25:1,6a1ec58eae120dd45d44bfbb,25,1,priya_task,task,priya,full,body,left,7,75165,right,0.0
6a05d361e5c107c390a6e223:8:0,6a05d361e5c107c390a6e223,8,0,maya_daily,daily,maya,full,body,right,7,173608,right,1.0
69d7d67fd30867b10fb7e5b5:47:0,69d7d67fd30867b10fb7e5b5,47,0,serena_daily,daily,serena,body,soul,right,3,177527,right,1.0
61320873b568fa35a206c2b8:13:0,61320873b568fa35a206c2b8,13,0,jonah_daily,daily,jonah,full,baseline,left,6,99437,right,0.0
6a1d972aaf5d8856c4a31881:10:0,6a1d972aaf5d8856c4a31881,10,0,jonah_daily,daily,jonah,baseline,mind,right,9,429282,right,1.0
5eab170759f5390b776df5a1:15:1,5eab170759f5390b776df5a1,15,1,jonah_task,task,jonah,body,full,right,7,110545,right,1.0
6a1ec58eae120dd45d44bfbb:25:2,6a1ec58eae120dd45d44bfbb,25,2,alex_daily,daily,alex,baseline,body,right,9,65380,right,1.0
69d7d67fd30867b10fb7e5b5:47:1,69d7d67fd30867b10fb7e5b5,47,1,serena_task,task,serena,mind,baseline,right,3,62337,right,1.0
6a1ec58eae120dd45d44bfbb:25:3,6a1ec58eae120dd45d44bfbb,25,3,alex_task,task,alex,body,mind,right,9,46069,right,1.0
66a514309deb15f57d445c34:32:0,66a514309deb15f57d445c34,32,0,alex_daily,daily,alex,baseline,soul,right,10,157992,right,1.0
60e282f9202a8126e2ea0315:43:0,60e282f9202a8126e2ea0315,43,0,serena_daily,daily,serena,baseline,full,left,5,84109,right,0.0
69d7d67fd30867b10fb7e5b5:47:2,69d7d67fd30867b10fb7e5b5,47,2,maya_daily,daily,maya,baseline,full,right,6,56351,right,1.0
61320873b568fa35a206c2b8:13:1,61320873b568fa35a206c2b8,13,1,jonah_task,task,jonah,mind,full,right,8,96255,right,1.0
96606ca59fd9ef230d2197ce0:42:0,96606ca59fd9ef230d2197ce0,42,0,serena_daily,daily,serena,soul,baseline,left,2,135377,right,0.0
696b7e276cb4276753bcad40:24:0,696b7e276cb4276753bcad40,24,0,priya_daily,daily,priya,body,mind,left,6,304215,right,0.0
5ec14b142a92684125500c16:35:0,5ec14b142a92684125500c16,35,0,alex_daily,daily,alex,soul,mind,right,8,163291,right,1.0
6a05d361e5c107c390a6e223:8:1,6a05d361e5c107c390a6e223,8,1,maya_task,task,maya,baseline,body,left,4,149143,right,0.0
67e84556ca4ec6016a518cc4:39:0,67e84556ca4ec6016a518cc4,39,0,alex_daily,daily,alex,full,soul,right,9,207881,right,1.0
5eab170759f5390b776df5a1:15:2,5eab170759f5390b776df5a1,15,2,priya_daily,daily,priya,body,baseline,left,6,104955,right,0.0
6a1ec58eae120dd45d44bfbb:25:4,6a1ec58eae120dd45d44bfbb,25,4,serena_daily,daily,serena,body,soul,left,5,74109,right,0.0
6671902d786a7b551e3fbeff:25:0,6671902d786a7b551e3fbeff,25,0,priya_daily,daily,priya,mind,soul,right,9,191599,right,1.0
60e282f9202a8126e2ea0315:43:1,60e282f9202a8126e2ea0315,43,1,serena_task,task,serena,full,mind,left,5,69042,right,0.0
6980d3dbbb600a842714b4bb:30:0,6980d3dbbb600a842714b4bb,30,0,alex_daily,daily,alex,baseline,mind,left,6,315825,right,0.0
61320873b568fa35a206c2b8:13:2,61320873b568fa35a206c2b8,13,2,priya_daily,daily,priya,full,soul,right,7,74347,right,1.0
6a09175feec337179e25e261:3:0,6a09175feec337179e25e261,3,0,maya_daily,daily,maya,baseline,full,right,5,57107,right,1.0
5ec14b142a92684125500c16:35:1,5ec14b142a92684125500c16,35,1,alex_task,task,alex,body,full,right,8,73339,right,1.0
5eab170759f5390b776df5a1:15:3,5eab170759f5390b776df5a1,15,3,priya_task,task,priya,mind,body,right,10,60656,right,1.0
6a1ec58eae120dd45d44bfbb:25:5,6a1ec58eae120dd45d44bfbb,25,5,serena_task,task,serena,mind,baseline,left,8,49071,right,0.0
6671915529465459e8c75227:24:0,6671915529465459e8c75227,24,0,priya_daily,daily,priya,body,mind,left,6,357601,right,0.0
697a978f0b6dffb1045756dd:18:0,697a978f0b6dffb1045756dd,18,0,jonah_daily,daily,jonah,body,full,right,1,195559,right,1.0
6745d61c85294c5d2ed6bd5a:0:0,6745d61c85294c5d2ed6bd5a,0,0,maya_daily,daily,maya,mind,baseline,left,6,239001,right,0.0
60e282f9202a8126e2ea0315:43:2,60e282f9202a8126e2ea0315,43,2,maya_daily,daily,maya,soul,full,left,5,45867,right,0.0
61320873b568fa35a206c2b8:13:3,61320873b568fa35a206c2b8,13,3,priya_task,task,priya,baseline,soul,right,7,45868,right,1.0
65e08eceb53f195563b788fc:19:0,65e08eceb53f195563b788fc,19,0,jonah_daily,daily,jonah,full,soul,right,9,301094,right,1.0
672289c4feed35d829d563a6:6:0,672289c4feed35d829d563a6,6,0,maya_daily,daily,maya,full,mind,left,4,92042,right,0.0
6a18dbae72a3bf54e3b80e4c:21:0,6a18dbae72a3bf54e3b80e4c,21,0,priya_daily,daily,priya,baseline,body,right,8,96827,right,1.0
6963cf282d02e0a582af1901:35:0,6963cf282d02e0a582af1901,35,0,alex_daily,daily,alex,soul,mind,right,10,448413,right,1.0
69fd15d6abfe588617829d2d:26:0,69fd15d6abfe588617829d2d,26,0,priya_daily,daily,priya,full,mind,left,6,298230,right,0.0
96606ca59fd9ef230d2197ce0:42:1,96606ca59fd9ef230d2197ce0,42,1,serena_task,task,serena,mind,soul,left,9,162751,right,0.0
6a05d361e5c107c390a6e223:8:2,6a05d361e5c107c390a6e223,8,2,jonah_daily,daily,jonah,body,mind,left,6,147271,right,0.0
66a514309deb15f57d445c34:32:1,66a514309deb15f57d445c34,32,1,alex_task,task,alex,soul,mind,left,7,192414,right,0.0
69d7d67fd30867b10fb7e5b5:47:3,69d7d67fd30867b10fb7e5b5,47,3,maya_task,task,maya,full,mind,right,3,180877,right,1.0
66797151cf3b1921be1c405a:33:0,66797151cf3b1921be1c405a,33,0,alex_daily,daily,alex,full,baseline,left,4,359135,right,0.0
5eab170759f5390b776df5a1:15:4,5eab170759f5390b776df5a1,15,4,alex_daily,daily,alex,soul,body,left,6,89878,right,0.0
6a09175feec337179e25e261:3:1,6a09175feec337179e25e261,3,1,maya_task,task,maya,full,mind,right,6,102171,right,1.0
61320873b568fa35a206c2b8:13:4,61320873b568fa35a206c2b8,13,4,alex_daily,daily,alex,soul,mind,left,7,70305,right,0.0
6671902d786a7b551e3fbeff:25:1,6671902d786a7b551e3fbeff,25,1,priya_task,task,priya,full,body,left,7,144437,right,0.0
65e08eceb53f195563b788fc:19:1,65e08eceb53f195563b788fc,19,1,jonah_task,task,jonah,baseline,soul,left,7,73664,right,0.0
60e282f9202a8126e2ea0315:43:3,60e282f9202a8126e2ea0315,43,3,maya_task,task,maya,soul,baseline,left,5,86577,right,0.0
67d08d8bfb1d7900834824f7:3:0,67d08d8bfb1d7900834824f7,3,0,maya_daily,daily,maya,baseline,full,right,8,82915,right,1.0
6980d3dbbb600a842714b4bb:30:1,6980d3dbbb600a842714b4bb,30,1,alex_task,task,alex,full,baseline,right,8,152800,right,1.0
66ff0a0dcd4370bb07f02ab3:30:0,66ff0a0dcd4370bb07f02ab3,30,0,alex_daily,daily,alex,baseline,mind,right,8,267178,right,1.0
6a18dbae72a3bf54e3b80e4c:21:1,6a18dbae72a3bf54e3b80e4c,21,1,priya_task,task,priya,body,mind,left,3,83814,right,0.0
6671915529465459e8c75227:24:1,6671915529465459e8c75227,24,1,priya_task,task,priya,body,soul,left,5,126083,right,0.0
66a514309deb15f57d445c34:32:2,66a514309deb15f57d445c34,32,2,serena_daily,daily,serena,body,full,right,8,53930,right,1.0
6963cf282d02e0a582af1901:35:1,6963cf282d02e0a582af1901,35,1,alex_task,task,alex,body,full,right,10,81714,right,1.0
5ec14b142a92684125500c16:35:2,5ec14b142a92684125500c16,35,2,serena_daily,daily,serena,body,baseline,left,5,143105,right,0.0
6a09175feec337179e25e261:3:2,6a09175feec337179e25e261,3,2,jonah_daily,daily,jonah,soul,full,right,6,48925,right,1.0
61320873b568fa35a206c2b8:13:5,61320873b568fa35a206c2b8,13,5,alex_task,task,alex,body,full,left,7,52203,right,0.0
69fd15d6abfe588617829d2d:26:1,69fd15d6abfe588617829d2d,26,1,priya_task,task,priya,soul,full,left,5,83130,right,0.0
60dcae3d9a88d4d19b0931f5:1:0,60dcae3d9a88d4d19b0931f5,1,0,maya_daily,daily,maya,baseline,body,right,10,294288,right,1.0
66478563c5e9956d131acb9b:8:0,66478563c5e9956d131acb9b,8,0,maya_daily,daily,maya,full,body,right,9,388493,right,1.0
65e08eceb53f195563b788fc:19:2,65e08eceb53f195563b788fc,19,2,priya_daily,daily,priya,soul,mind,left,7,60217,right,0.0
6a05d361e5c107c390a6e223:8:3,6a05d361e5c107c390a6e223,8,3,jonah_task,task,jonah,body,soul,right,7,100592,right,1.0
6745d61c85294c5d2ed6bd5a:0:1,6745d61c85294c5d2ed6bd5a,0,1,maya_task,task,maya,baseline,full,right,8,163338,right,1.0
67d08d8bfb1d7900834824f7:3:1,67d08d8bfb1d7900834824f7,3,1,maya_task,task,maya,full,mind,right,9,60441,right,1.0
67e84556ca4ec6016a518cc4:39:1,67e84556ca4ec6016a518cc4,39,1,alex_task,task,alex,baseline,soul,left,8,259347,right,0.0
60e282f9202a8126e2ea0315:43:4,60e282f9202a8126e2ea0315,43,4,jonah_daily,daily,jonah,mind,soul,right,10,83175,right,1.0
66a514309deb15f57d445c34:32:3,66a514309deb15f57d445c34,32,3,serena_task,task,serena,body,baseline,left,6,55700,right,0.0
6671915529465459e8c75227:24:2,6671915529465459e8c75227,24,2,alex_daily,daily,alex,mind,baseline,left,7,65798,right,0.0
6671902d786a7b551e3fbeff:25:2,6671902d786a7b551e3fbeff,25,2,alex_daily,daily,alex,baseline,body,left,8,105492,right,0.0
5f45866db58295196efa95f1:9:0,5f45866db58295196efa95f1,9,0,maya_daily,daily,maya,soul,full,left,10,376995,right,0.0
6980d3dbbb600a842714b4bb:30:2,6980d3dbbb600a842714b4bb,30,2,serena_daily,daily,serena,mind,full,right,8,90085,right,1.0
6a09175feec337179e25e261:3:3,6a09175feec337179e25e261,3,3,jonah_task,task,jonah,soul,baseline,right,6,64635,right,1.0
5eab170759f5390b776df5a1:15:5,5eab170759f5390b776df5a1,15,5,alex_task,task,alex,baseline,mind,right,10,126608,right,1.0
65e08eceb53f195563b788fc:19:3,65e08eceb53f195563b788fc,19,3,priya_task,task,priya,body,full,left,7,48375,right,0.0
67d8270aba9f1c19f16caa6c:9:0,67d8270aba9f1c19f16caa6c,9,0,maya_daily,daily,maya,soul,full,left,4,449136,right,0.0
697b0cb0c7d40764da9869db:18:0,697b0cb0c7d40764da9869db,18,0,jonah_daily,daily,jonah,body,full,right,9,498268,right,1.0
67acd3c9faab3a14dfe87135:49:0,67acd3c9faab3a14dfe87135,49,0,serena_daily,daily,serena,soul,full,left,4,304324,right,0.0
69d7d67fd30867b10fb7e5b5:47:4,69d7d67fd30867b10fb7e5b5,47,4,jonah_daily,daily,jonah,soul,full,left,2,148147,right,0.0
67d08d8bfb1d7900834824f7:3:2,67d08d8bfb1d7900834824f7,3,2,jonah_daily,daily,jonah,soul,full,left,6,47092,right,0.0
6a18dbae72a3bf54e3b80e4c:21:2,6a18dbae72a3bf54e3b80e4c,21,2,alex_daily,daily,alex,body,soul,right,3,99660,right,1.0
96606ca59fd9ef230d2197ce0:42:2,96606ca59fd9ef230d2197ce0,42,2,maya_daily,daily,maya,full,body,left,1,169334,right,0.0
60e282f9202a8126e2ea0315:43:5,60e282f9202a8126e2ea0315,43,5,jonah_task,task,jonah,full,body,right,8,46779,right,1.0
6963cf282d02e0a582af1901:35:2,6963cf282d02e0a582af1901,35,2,serena_daily,daily,serena,body,baseline,right,10,109465,right,1.0
67d9c56cfb7d8efbf59c3541:16:0,67d9c56cfb7d8efbf59c3541,16,0,jonah_daily,daily,jonah,mind,full,right,9,408715,right,1.0
67d1a8b13bd1f195b6457311:19:0,67d1a8b13bd1f195b6457311,19,0,jonah_daily,daily,jonah,full,soul,right,8,458870,right,1.0
69fd15d6abfe588617829d2d:26:2,69fd15d6abfe588617829d2d,26,2,alex_daily,daily,alex,soul,baseline,right,7,110896,right,1.0
66a514309deb15f57d445c34:32:4,66a514309deb15f57d445c34,32,4,maya_daily,daily,maya,mind,body,right,8,66825,right,1.0
66c8905066339616cdb9c4b5:14:0,66c8905066339616cdb9c4b5,14,0,jonah_daily,daily,jonah,mind,body,right,8,255145,right,1.0
67232cb4fdfbe649d078af30:35:0,67232cb4fdfbe649d078af30,35,0,alex_daily,daily,alex,soul,mind,left,6,649433,right,0.0
5ec14b142a92684125500c16:35:3,5ec14b142a92684125500c16,35,3,serena_task,task,serena,mind,body,left,5,136895,right,0.0
6a09175feec337179e25e261:3:4,6a09175feec337179e25e261,3,4,priya_daily,daily,priya,mind,soul,right,5,64175,right,1.0
67d08d8bfb1d7900834824f7:3:3,67d08d8bfb1d7900834824f7,3,3,jonah_task,task,jonah,soul,baseline,right,8,51614,right,1.0
6a0b4a8f9f3c68331cf44591:29:0,6a0b4a8f9f3c68331cf44591,29,0,priya_daily,daily,priya,soul,full,right,10,176125,right,1.0
6745d61c85294c5d2ed6bd5a:0:2,6745d61c85294c5d2ed6bd5a,0,2,jonah_daily,daily,jonah,full,mind,left,6,111015,right,0.0
67e84556ca4ec6016a518cc4:39:2,67e84556ca4ec6016a518cc4,39,2,serena_daily,daily,serena,soul,mind,left,9,98472,right,0.0
69d7d67fd30867b10fb7e5b5:47:5,69d7d67fd30867b10fb7e5b5,47,5,jonah_task,task,jonah,soul,baseline,left,2,63210,right,0.0
6a18dbae72a3bf54e3b80e4c:21:3,6a18dbae72a3bf54e3b80e4c,21,3,alex_task,task,alex,mind,baseline,left,3,58384,right,0.0
6a05d361e5c107c390a6e223:8:4,6a05d361e5c107c390a6e223,8,4,priya_daily,daily,priya,mind,baseline,right,7,124981,right,1.0
697a978f0b6dffb1045756dd:18:1,697a978f0b6dffb1045756dd,18,1,jonah_task,task,jonah,body,baseline,left,2,297617,right,0.0
6671902d786a7b551e3fbeff:25:3,6671902d786a7b551e3fbeff,25,3,alex_task,task,alex,body,mind,right,10,97375,right,1.0
66797151cf3b1921be1c405a:33:1,66797151cf3b1921be1c405a,33,1,alex_task,task,alex,mind,full,right,7,224241,right,1.0
6963cf282d02e0a582af1901:35:3,6963cf282d02e0a582af1901,35,3,serena_task,task,serena,mind,body,left,8,69908,right,0.0
66a514309deb15f57d445c34:32:5,66a514309deb15f57d445c34,32,5,maya_task,task,maya,soul,body,right,8,54134,right,1.0
60dcae3d9a88d4d19b0931f5:1:1,60dcae3d9a88d4d19b0931f5,1,1,maya_task,task,maya,body,mind,left,7,237633,right,0.0
67acd3c9faab3a14dfe87135:49:1,67acd3c9faab3a14dfe87135,49,1,serena_task,task,serena,soul,baseline,left,3,107413,right,0.0
6671915529465459e8c75227:24:3,6671915529465459e8c75227,24,3,alex_task,task,alex,baseline,full,left,4,138255,right,0.0
6980d3dbbb600a842714b4bb:30:3,6980d3dbbb600a842714b4bb,30,3,serena_task,task,serena,full,soul,left,6,137188,right,0.0
66478563c5e9956d131acb9b:8:1,66478563c5e9956d131acb9b,8,1,maya_task,task,maya,baseline,body,right,8,185581,right,1.0
65e08eceb53f195563b788fc:19:4,65e08eceb53f195563b788fc,19,4,alex_daily,daily,alex,body,baseline,left,7,133539,right,0.0
67d08d8bfb1d7900834824f7:3:4,67d08d8bfb1d7900834824f7,3,4,priya_daily,daily,priya,mind,soul,right,9,66819,right,1.0
6a18dbae72a3bf54e3b80e4c:21:4,6a18dbae72a3bf54e3b80e4c,21,4,serena_daily,daily,serena,baseline,full,right,7,56378,right,1.0
6a09175feec337179e25e261:3:5,6a09175feec337179e25e261,3,5,priya_task,task,priya,full,body,right,5,71034,right,1.0
5ec14b142a92684125500c16:35:4,5ec14b142a92684125500c16,35,4,maya_daily,daily,maya,soul,body,left,4,87927,right,0.0
6745d61c85294c5d2ed6bd5a:0:3,6745d61c85294c5d2ed6bd5a,0,3,jonah_task,task,jonah,soul,full,right,8,75468,right,1.0
6737449def4924366e15da55:6:0,6737449def4924366e15da55,6,0,maya_daily,daily,maya,full,mind,right,8,238911,right,1.0
69fd15d6abfe588617829d2d:26:3,69fd15d6abfe588617829d2d,26,3,alex_task,task,alex,mind,soul,right,7,125397,right,1.0
96606ca59fd9ef230d2197ce0:42:3,96606ca59fd9ef230d2197ce0,42,3,maya_task,task,maya,baseline,body,right,1,156199,right,1.0
66ff0a0dcd4370bb07f02ab3:30:1,66ff0a0dcd4370bb07f02ab3,30,1,alex_task,task,alex,full,baseline,left,6,262715,right,0.0
6a05d361e5c107c390a6e223:8:5,6a05d361e5c107c390a6e223,8,5,priya_task,task,priya,baseline,full,left,8,101338,right,0.0
697b0cb0c7d40764da9869db:18:1,697b0cb0c7d40764da9869db,18,1,jonah_task,task,jonah,body,baseline,left,6,176534,right,0.0
66478563c5e9956d131acb9b:8:2,66478563c5e9956d131acb9b,8,2,jonah_daily,daily,jonah,body,mind,right,7,48754,right,1.0
67d08d8bfb1d7900834824f7:3:5,67d08d8bfb1d7900834824f7,3,5,priya_task,task,priya,full,body,right,9,46129,right,1.0
672289c4feed35d829d563a6:6:1,672289c4feed35d829d563a6,6,1,maya_task,task,maya,soul,full,right,10,369997,right,1.0
6a18dbae72a3bf54e3b80e4c:21:5,6a18dbae72a3bf54e3b80e4c,21,5,serena_task,task,serena,full,mind,left,3,60747,right,0.0
67d0094243dae460e5682b51:44:0,67d0094243dae460e5682b51,44,0,serena_daily,daily,serena,body,mind,right,9,380255,right,1.0
5ec14b142a92684125500c16:35:5,5ec14b142a92684125500c16,35,5,maya_task,task,maya,baseline,mind,right,10,57408,right,1.0
6671915529465459e8c75227:24:4,6671915529465459e8c75227,24,4,serena_daily,daily,serena,full,mind,right,7,86096,right,1.0
66797151cf3b1921be1c405a:33:2,66797151cf3b1921be1c405a,33,2,serena_daily,daily,serena,full,soul,right,5,117920,right,1.0
66c8905066339616cdb9c4b5:14:1,66c8905066339616cdb9c4b5,14,1,jonah_task,task,jonah,soul,body,left,4,161957,right,0.0
6671902d786a7b551e3fbeff:25:4,6671902d786a7b551e3fbeff,25,4,serena_daily,daily,serena,body,soul,right,8,123278,right,1.0
69b030f9596effaeb08745de:4:0,69b030f9596effaeb08745de,4,0,maya_daily,daily,maya,body,mind,left,5,712706,right,0.0
6a21f3ec20ac6ad000db057e:6:0,6a21f3ec20ac6ad000db057e,6,0,maya_daily,daily,maya,full,mind,right,9,495513,right,1.0
6a11e96e121c58edac86d8ae:40:0,6a11e96e121c58edac86d8ae,40,0,serena_daily,daily,serena,mind,baseline,right,7,405426,right,1.0
67210a7818b93a105b733212:37:0,67210a7818b93a105b733212,37,0,alex_daily,daily,alex,soul,body,right,9,509656,right,1.0
6980d3dbbb600a842714b4bb:30:4,6980d3dbbb600a842714b4bb,30,4,maya_daily,daily,maya,baseline,soul,left,6,101485,right,0.0
66478563c5e9956d131acb9b:8:3,66478563c5e9956d131acb9b,8,3,jonah_task,task,jonah,body,soul,left,5,49808,right,0.0
65e08eceb53f195563b788fc:19:5,65e08eceb53f195563b788fc,19,5,alex_task,task,alex,mind,body,right,10,100877,right,1.0
667f093681caac1b3478499a:3:0,667f093681caac1b3478499a,3,0,maya_daily,daily,maya,baseline,full,right,6,195438,right,1.0
67232cb4fdfbe649d078af30:35:1,67232cb4fdfbe649d078af30,35,1,alex_task,task,alex,body,full,left,6,70321,right,0.0
67d9c56cfb7d8efbf59c3541:16:1,67d9c56cfb7d8efbf59c3541,16,1,jonah_task,task,jonah,full,soul,right,9,210257,right,1.0
672289c4feed35d829d563a6:6:2,672289c4feed35d829d563a6,6,2,jonah_daily,daily,jonah,soul,baseline,left,6,62154,right,0.0
6a0b4a8f9f3c68331cf44591:29:1,6a0b4a8f9f3c68331cf44591,29,1,priya_task,task,priya,soul,baseline,left,7,188858,right,0.0
5f45866db58295196efa95f1:9:1,5f45866db58295196efa95f1,9,1,maya_task,task,maya,soul,baseline,right,7,268138,right,1.0
67e84556ca4ec6016a518cc4:39:3,67e84556ca4ec6016a518cc4,39,3,serena_task,task,serena,body,full,right,7,195212,right,1.0
6745d61c85294c5d2ed6bd5a:0:4,6745d61c85294c5d2ed6bd5a,0,4,priya_daily,daily,priya,soul,baseline,left,5,196559,right,0.0
6963cf282d02e0a582af1901:35:4,6963cf282d02e0a582af1901,35,4,maya_daily,daily,maya,soul,body,left,7,171876,right,0.0
60dcae3d9a88d4d19b0931f5:1:2,60dcae3d9a88d4d19b0931f5,1,2,jonah_daily,daily,jonah,body,soul,right,10,103771,right,1.0
6671915529465459e8c75227:24:5,6671915529465459e8c75227,24,5,serena_task,task,serena,soul,full,right,7,74886,right,1.0
697b0cb0c7d40764da9869db:18:2,697b0cb0c7d40764da9869db,18,2,priya_daily,daily,priya,mind,body,right,9,124821,right,1.0
66797151cf3b1921be1c405a:33:3,66797151cf3b1921be1c405a,33,3,serena_task,task,serena,baseline,soul,right,7,79515,right,1.0
66c8905066339616cdb9c4b5:14:2,66c8905066339616cdb9c4b5,14,2,priya_daily,daily,priya,baseline,mind,right,8,78461,right,1.0
96606ca59fd9ef230d2197ce0:42:4,96606ca59fd9ef230d2197ce0,42,4,jonah_daily,daily,jonah,body,mind,left,3,132937,right,0.0
66478563c5e9956d131acb9b:8:4,66478563c5e9956d131acb9b,8,4,priya_daily,daily,priya,mind,baseline,right,9,74846,right,1.0
6737449def4924366e15da55:6:1,6737449def4924366e15da55,6,1,maya_task,task,maya,soul,full,right,9,161974,right,1.0
6671902d786a7b551e3fbeff:25:5,6671902d786a7b551e3fbeff,25,5,serena_task,task,serena,mind,baseline,right,9,98166,right,1.0
60e465e96725db9f745b9ba5:47:0,60e465e96725db9f745b9ba5,47,0,serena_daily,daily,serena,body,soul,right,9,47643,right,1.0
672289c4feed35d829d563a6:6:3,672289c4feed35d829d563a6,6,3,jonah_task,task,jonah,mind,soul,right,10,69525,right,1.0
6a21f3ec20ac6ad000db057e:6:1,6a21f3ec20ac6ad000db057e,6,1,maya_task,task,maya,soul,full,left,6,104036,right,0.0
6963cf282d02e0a582af1901:35:5,6963cf282d02e0a582af1901,35,5,maya_task,task,maya,baseline,mind,left,6,63685,right,0.0
6980d3dbbb600a842714b4bb:30:5,6980d3dbbb600a842714b4bb,30,5,maya_task,task,maya,soul,mind,left,6,102916,right,0.0
66c8905066339616cdb9c4b5:14:3,66c8905066339616cdb9c4b5,14,3,priya_task,task,priya,full,baseline,left,6,53419,right,0.0
66478563c5e9956d131acb9b:8:5,66478563c5e9956d131acb9b,8,5,priya_task,task,priya,baseline,full,left,5,50482,right,0.0
69fd15d6abfe588617829d2d:26:4,69fd15d6abfe588617829d2d,26,4,serena_daily,daily,serena,full,body,right,5,209785,right,1.0
60dcae3d9a88d4d19b0931f5:1:3,60dcae3d9a88d4d19b0931f5,1,3,jonah_task,task,jonah,mind,baseline,right,10,89605,right,1.0
66ff0a0dcd4370bb07f02ab3:30:2,66ff0a0dcd4370bb07f02ab3,30,2,serena_daily,daily,serena,mind,full,left,6,201530,right,0.0
67232cb4fdfbe649d078af30:35:2,67232cb4fdfbe649d078af30,35,2,serena_daily,daily,serena,body,baseline,right,8,139004,right,1.0
673231ca547cd8ac8dfbffd6:12:0,673231ca547cd8ac8dfbffd6,12,0,jonah_daily,daily,jonah,baseline,soul,left,6,111129,right,0.0
697b0cb0c7d40764da9869db:18:3,697b0cb0c7d40764da9869db,18,3,priya_task,task,priya,soul,body,right,10,91081,right,1.0
66797151cf3b1921be1c405a:33:4,66797151cf3b1921be1c405a,33,4,maya_daily,daily,maya,soul,mind,left,5,94419,right,0.0
96606ca59fd9ef230d2197ce0:42:5,96606ca59fd9ef230d2197ce0,42,5,jonah_task,task,jonah,body,soul,right,5,80477,right,1.0
667f093681caac1b3478499a:3:1,667f093681caac1b3478499a,3,1,maya_task,task,maya,full,mind,right,7,161087,right,1.0
67e84556ca4ec6016a518cc4:39:4,67e84556ca4ec6016a518cc4,39,4,maya_daily,daily,maya,body,baseline,right,7,143057,right,1.0
5f45866db58295196efa95f1:9:2,5f45866db58295196efa95f1,9,2,jonah_daily,daily,jonah,mind,soul,left,5,156923,right,0.0
67d9c56cfb7d8efbf59c3541:16:2,67d9c56cfb7d8efbf59c3541,16,2,priya_daily,daily,priya,baseline,soul,left,6,174713,right,0.0
605ce029102320a2825111ef:15:0,605ce029102320a2825111ef,15,0,jonah_daily,daily,jonah,soul,mind,right,7,148713,right,1.0
6745d61c85294c5d2ed6bd5a:0:5,6745d61c85294c5d2ed6bd5a,0,5,priya_task,task,priya,mind,soul,right,8,93647,right,1.0
697a978f0b6dffb1045756dd:18:2,697a978f0b6dffb1045756dd,18,2,priya_daily,daily,priya,mind,body,left,2,364130,right,0.0
69fd15d6abfe588617829d2d:26:5,69fd15d6abfe588617829d2d,26,5,serena_task,task,serena,baseline,body,left,4,70445,right,0.0
66c8905066339616cdb9c4b5:14:4,66c8905066339616cdb9c4b5,14,4,alex_daily,daily,alex,mind,full,left,7,106027,right,0.0
6a11e96e121c58edac86d8ae:40:1,6a11e96e121c58edac86d8ae,40,1,serena_task,task,serena,baseline,full,right,9,227568,right,1.0
667f093681caac1b3478499a:3:2,667f093681caac1b3478499a,3,2,jonah_daily,daily,jonah,soul,full,left,2,61885,right,0.0
67d0094243dae460e5682b51:44:1,67d0094243dae460e5682b51,44,1,serena_task,task,serena,body,soul,left,6,257718,right,0.0
67d8270aba9f1c19f16caa6c:9:1,67d8270aba9f1c19f16caa6c,9,1,maya_task,task,maya,soul,baseline,left,5,479694,right,0.0
67232cb4fdfbe649d078af30:35:3,67232cb4fdfbe649d078af30,35,3,serena_task,task,serena,mind,body,right,9,106184,right,1.0
66797151cf3b1921be1c405a:33:5,66797151cf3b1921be1c405a,33,5,maya_task,task,maya,body,full,left,5,97822,right,0.0
67d1a8b13bd1f195b6457311:19:1,67d1a8b13bd1f195b6457311,19,1,jonah_task,task,jonah,baseline,soul,right,9,460967,right,1.0
611ebe16f706cd0ee4f4f876:23:0,611ebe16f706cd0ee4f4f876,23,0,priya_daily,daily,priya,baseline,full,right,10,548873,right,1.0
60dcae3d9a88d4d19b0931f5:1:4,60dcae3d9a88d4d19b0931f5,1,4,priya_daily,daily,priya,baseline,full,right,10,120039,right,1.0
6a21f3ec20ac6ad000db057e:6:2,6a21f3ec20ac6ad000db057e,6,2,jonah_daily,daily,jonah,soul,baseline,right,9,175275,right,1.0
697b0cb0c7d40764da9869db:18:4,697b0cb0c7d40764da9869db,18,4,alex_daily,daily,alex,baseline,mind,right,10,116460,right,1.0
66c8905066339616cdb9c4b5:14:5,66c8905066339616cdb9c4b5,14,5,alex_task,task,alex,full,soul,right,9,53812,right,1.0
6655ebfe7ae504e7ac8a35d7:21:0,6655ebfe7ae504e7ac8a35d7,21,0,priya_daily,daily,priya,baseline,body,right,10,902264,right,1.0
673231ca547cd8ac8dfbffd6:12:1,673231ca547cd8ac8dfbffd6,12,1,jonah_task,task,jonah,soul,mind,right,7,150249,right,1.0
6a0b4a8f9f3c68331cf44591:29:2,6a0b4a8f9f3c68331cf44591,29,2,alex_daily,daily,alex,mind,soul,right,9,289615,right,1.0
67d9c56cfb7d8efbf59c3541:16:3,67d9c56cfb7d8efbf59c3541,16,3,priya_task,task,priya,soul,mind,left,8,125512,right,0.0
67e84556ca4ec6016a518cc4:39:5,67e84556ca4ec6016a518cc4,39,5,maya_task,task,maya,mind,body,right,7,138410,right,1.0
6737449def4924366e15da55:6:2,6737449def4924366e15da55,6,2,jonah_daily,daily,jonah,soul,baseline,right,10,238269,right,1.0
605ce029102320a2825111ef:15:1,605ce029102320a2825111ef,15,1,jonah_task,task,jonah,body,full,left,6,132169,right,0.0
5f45866db58295196efa95f1:9:3,5f45866db58295196efa95f1,9,3,jonah_task,task,jonah,full,body,right,4,140646,right,1.0
667f093681caac1b3478499a:3:3,667f093681caac1b3478499a,3,3,jonah_task,task,jonah,soul,baseline,right,8,94862,right,1.0
66ff0a0dcd4370bb07f02ab3:30:3,66ff0a0dcd4370bb07f02ab3,30,3,serena_task,task,serena,full,soul,right,8,193210,right,1.0
60dcae3d9a88d4d19b0931f5:1:5,60dcae3d9a88d4d19b0931f5,1,5,priya_task,task,priya,full,mind,right,10,78647,right,1.0
6a21f3ec20ac6ad000db057e:6:3,6a21f3ec20ac6ad000db057e,6,3,jonah_task,task,jonah,mind,soul,right,10,74076,right,1.0
67210a7818b93a105b733212:37:1,67210a7818b93a105b733212,37,1,alex_task,task,alex,baseline,mind,right,8,356911,right,1.0
6a11e96e121c58edac86d8ae:40:2,6a11e96e121c58edac86d8ae,40,2,maya_daily,daily,maya,full,mind,right,7,128956,right,1.0
67232cb4fdfbe649d078af30:35:4,67232cb4fdfbe649d078af30,35,4,maya_daily,daily,maya,soul,body,right,8,111693,right,1.0
60e465e96725db9f745b9ba5:47:1,60e465e96725db9f745b9ba5,47,1,serena_task,task,serena,mind,baseline,left,7,287356,right,0.0
697b0cb0c7d40764da9869db:18:5,697b0cb0c7d40764da9869db,18,5,alex_task,task,alex,full,baseline,left,7,94325,right,0.0
67d9c56cfb7d8efbf59c3541:16:4,67d9c56cfb7d8efbf59c3541,16,4,alex_daily,daily,alex,body,full,left,7,81209,right,0.0
605ce029102320a2825111ef:15:2,605ce029102320a2825111ef,15,2,priya_daily,daily,priya,body,baseline,left,7,78870,right,0.0
672289c4feed35d829d563a6:6:4,672289c4feed35d829d563a6,6,4,priya_daily,daily,priya,full,body,right,10,57954,right,1.0
697a978f0b6dffb1045756dd:18:3,697a978f0b6dffb1045756dd,18,3,priya_task,task,priya,soul,body,left,2,194213,right,0.0
673231ca547cd8ac8dfbffd6:12:2,673231ca547cd8ac8dfbffd6,12,2,priya_daily,daily,priya,body,full,right,5,133895,right,1.0
67d1a8b13bd1f195b6457311:19:2,67d1a8b13bd1f195b6457311,19,2,priya_daily,daily,priya,soul,mind,right,8,125660,right,1.0
6a21f3ec20ac6ad000db057e:6:4,6a21f3ec20ac6ad000db057e,6,4,priya_daily,daily,priya,full,body,right,8,97707,right,1.0
672289c4feed35d829d563a6:6:5,672289c4feed35d829d563a6,6,5,priya_task,task,priya,baseline,body,left,10,45923,right,0.0
6a11e96e121c58edac86d8ae:40:3,6a11e96e121c58edac86d8ae,40,3,maya_task,task,maya,soul,full,right,9,97792,right,1.0
611ebe16f706cd0ee4f4f876:23:1,611ebe16f706cd0ee4f4f876,23,1,priya_task,task,priya,full,mind,left,4,199023,right,0.0
60e465e96725db9f745b9ba5:47:2,60e465e96725db9f745b9ba5,47,2,maya_daily,daily,maya,baseline,full,right,7,89996,right,1.0
6a0b4a8f9f3c68331cf44591:29:3,6a0b4a8f9f3c68331cf44591,29,3,alex_task,task,alex,full,body,right,9,162136,right,1.0
66ff0a0dcd4370bb07f02ab3:30:4,66ff0a0dcd4370bb07f02ab3,30,4,maya_daily,daily,maya,baseline,soul,right,8,144240,right,1.0
605ce029102320a2825111ef:15:3,605ce029102320a2825111ef,15,3,priya_task,task,priya,mind,body,left,6,82544,right,0.0
67232cb4fdfbe649d078af30:35:5,67232cb4fdfbe649d078af30,35,5,maya_task,task,maya,baseline,mind,right,9,119185,right,1.0
67d1a8b13bd1f195b6457311:19:3,67d1a8b13bd1f195b6457311,19,3,priya_task,task,priya,body,full,right,9,47249,right,1.0
67210a7818b93a105b733212:37:2,67210a7818b93a105b733212,37,2,serena_daily,daily,serena,full,baseline,right,8,146866,right,1.0
67d8270aba9f1c19f16caa6c:9:2,67d8270aba9f1c19f16caa6c,9,2,jonah_daily,daily,jonah,mind,soul,right,9,269737,right,1.0
6737449def4924366e15da55:6:3,6737449def4924366e15da55,6,3,jonah_task,task,jonah,mind,soul,right,10,205575,right,1.0
6a21f3ec20ac6ad000db057e:6:5,6a21f3ec20ac6ad000db057e,6,5,priya_task,task,priya,baseline,body,left,8,72600,right,0.0
67d0094243dae460e5682b51:44:2,67d0094243dae460e5682b51,44,2,maya_daily,daily,maya,mind,baseline,left,8,278711,right,0.0
611ebe16f706cd0ee4f4f876:23:2,611ebe16f706cd0ee4f4f876,23,2,alex_daily,daily,alex,soul,full,right,6,59942,right,1.0
667f093681caac1b3478499a:3:4,667f093681caac1b3478499a,3,4,priya_daily,daily,priya,mind,soul,right,6,197411,right,1.0
67d9c56cfb7d8efbf59c3541:16:5,67d9c56cfb7d8efbf59c3541,16,5,alex_task,task,alex,body,baseline,left,7,132101,right,0.0
673231ca547cd8ac8dfbffd6:12:3,673231ca547cd8ac8dfbffd6,12,3,priya_task,task,priya,body,baseline,left,6,99637,right,0.0
697a978f0b6dffb1045756dd:18:4,697a978f0b6dffb1045756dd,18,4,alex_daily,daily,alex,baseline,mind,left,3,149636,right,0.0
67d012f35c929bac3118c6f5:15:0,67d012f35c929bac3118c6f5,15,0,jonah_daily,daily,jonah,soul,mind,right,10,66526,right,1.0
60e465e96725db9f745b9ba5:47:3,60e465e96725db9f745b9ba5,47,3,maya_task,task,maya,full,mind,left,6,105462,right,0.0
5f45866db58295196efa95f1:9:4,5f45866db58295196efa95f1,9,4,priya_daily,daily,priya,baseline,body,left,3,252504,right,0.0
69dd6ad13b039a859ddf8d61:3:0,69dd6ad13b039a859ddf8d61,3,0,maya_daily,daily,maya,baseline,full,right,10,451419,right,1.0
611ebe16f706cd0ee4f4f876:23:3,611ebe16f706cd0ee4f4f876,23,3,alex_task,task,alex,soul,baseline,left,4,51551,right,0.0
667f093681caac1b3478499a:3:5,667f093681caac1b3478499a,3,5,priya_task,task,priya,full,body,right,8,60737,right,1.0
6a11e96e121c58edac86d8ae:40:4,6a11e96e121c58edac86d8ae,40,4,jonah_daily,daily,jonah,soul,baseline,right,9,137098,right,1.0
67210a7818b93a105b733212:37:3,67210a7818b93a105b733212,37,3,serena_task,task,serena,mind,full,right,9,95463,right,1.0
673360818b5b7adc97b37846:15:0,673360818b5b7adc97b37846,15,0,jonah_daily,daily,jonah,soul,mind,right,8,192528,right,1.0
605ce029102320a2825111ef:15:4,605ce029102320a2825111ef,15,4,alex_daily,daily,alex,soul,body,right,7,133431,right,1.0
66ff0a0dcd4370bb07f02ab3:30:5,66ff0a0dcd4370bb07f02ab3,30,5,maya_task,task,maya,soul,mind,left,6,166009,right,0.0
611ebe16f706cd0ee4f4f876:23:4,611ebe16f706cd0ee4f4f876,23,4,serena_daily,daily,serena,mind,soul,left,4,77911,right,0.0
67d1a8b13bd1f195b6457311:19:4,67d1a8b13bd1f195b6457311,19,4,alex_daily,daily,alex,body,baseline,left,4,177971,right,0.0
673231ca547cd8ac8dfbffd6:12:4,673231ca547cd8ac8dfbffd6,12,4,alex_daily,daily,alex,mind,body,right,9,135680,right,1.0
697a978f0b6dffb1045756dd:18:5,697a978f0b6dffb1045756dd,18,5,alex_task,task,alex,full,baseline,left,9,136441,right,0.0
6a11e96e121c58edac86d8ae:40:5,6a11e96e121c58edac86d8ae,40,5,jonah_task,task,jonah,mind,soul,right,10,101002,right,1.0
67d8270aba9f1c19f16caa6c:9:3,67d8270aba9f1c19f16caa6c,9,3,jonah_task,task,jonah,full,body,right,9,205174,right,1.0
60e465e96725db9f745b9ba5:47:4,60e465e96725db9f745b9ba5,47,4,jonah_daily,daily,jonah,soul,full,right,9,145090,right,1.0
6a0b4a8f9f3c68331cf44591:29:4,6a0b4a8f9f3c68331cf44591,29,4,serena_daily,daily,serena,baseline,body,right,9,259854,right,1.0
5f45866db58295196efa95f1:9:5,5f45866db58295196efa95f1,9,5,priya_task,task,priya,body,mind,left,4,150956,right,0.0
611ebe16f706cd0ee4f4f876:23:5,611ebe16f706cd0ee4f4f876,23,5,serena_task,task,serena,full,body,right,7,76027,right,1.0
673360818b5b7adc97b37846:15:1,673360818b5b7adc97b37846,15,1,jonah_task,task,jonah,body,full,right,8,139564,right,1.0
673231ca547cd8ac8dfbffd6:12:5,673231ca547cd8ac8dfbffd6,12,5,alex_task,task,alex,soul,body,right,8,79980,right,1.0
67d1a8b13bd1f195b6457311:19:5,67d1a8b13bd1f195b6457311,19,5,alex_task,task,alex,mind,body,right,9,96569,right,1.0
605ce029102320a2825111ef:15:5,605ce029102320a2825111ef,15,5,alex_task,task,alex,baseline,mind,left,6,160857,right,0.0
6737449def4924366e15da55:6:4,6737449def4924366e15da55,6,4,priya_daily,daily,priya,full,body,right,9,274988,right,1.0
66a5fe222e68e08d31cb37db:5:0,66a5fe222e68e08d31cb37db,5,0,maya_daily,daily,maya,mind,soul,right,8,291494,right,1.0
60e465e96725db9f745b9ba5:47:5,60e465e96725db9f745b9ba5,47,5,jonah_task,task,jonah,soul,baseline,right,9,88167,right,1.0
67d0094243dae460e5682b51:44:3,67d0094243dae460e5682b51,44,3,maya_task,task,maya,baseline,full,right,10,286842,right,1.0
6655ebfe7ae504e7ac8a35d7:21:1,6655ebfe7ae504e7ac8a35d7,21,1,priya_task,task,priya,body,mind,right,5,179517,right,1.0
6a0b4a8f9f3c68331cf44591:29:5,6a0b4a8f9f3c68331cf44591,29,5,serena_task,task,serena,body,mind,left,6,102634,right,0.0
69dd6ad13b039a859ddf8d61:3:1,69dd6ad13b039a859ddf8d61,3,1,maya_task,task,maya,full,mind,left,5,269142,right,0.0
67d0094243dae460e5682b51:44:4,67d0094243dae460e5682b51,44,4,jonah_daily,daily,jonah,full,mind,right,9,159973,right,1.0
6737449def4924366e15da55:6:5,6737449def4924366e15da55,6,5,priya_task,task,priya,baseline,body,right,10,217555,right,1.0
673360818b5b7adc97b37846:15:2,673360818b5b7adc97b37846,15,2,priya_daily,daily,priya,body,baseline,left,6,301048,right,0.0
69dd6ad13b039a859ddf8d61:3:2,69dd6ad13b039a859ddf8d61,3,2,jonah_daily,daily,jonah,soul,full,left,4,214967,right,0.0
67d8270aba9f1c19f16caa6c:9:4,67d8270aba9f1c19f16caa6c,9,4,priya_daily,daily,priya,baseline,body,right,8,358304,right,1.0
67d0094243dae460e5682b51:44:5,67d0094243dae460e5682b51,44,5,jonah_task,task,jonah,soul,full,left,10,101617,right,0.0
6655ebfe7ae504e7ac8a35d7:21:2,6655ebfe7ae504e7ac8a35d7,21,2,alex_daily,daily,alex,body,soul,right,7,259596,right,1.0
66a5fe222e68e08d31cb37db:5:1,66a5fe222e68e08d31cb37db,5,1,maya_task,task,maya,full,body,right,9,297516,right,1.0
6a1f5bcb307678d7273e0f32:19:0,6a1f5bcb307678d7273e0f32,19,0,jonah_daily,daily,jonah,full,soul,right,5,46482,right,1.0
69dd6ad13b039a859ddf8d61:3:3,69dd6ad13b039a859ddf8d61,3,3,jonah_task,task,jonah,soul,baseline,left,2,73099,right,0.0
6a1f5bcb307678d7273e0f32:19:1,6a1f5bcb307678d7273e0f32,19,1,jonah_task,task,jonah,baseline,soul,left,6,89092,right,0.0
6655ebfe7ae504e7ac8a35d7:21:3,6655ebfe7ae504e7ac8a35d7,21,3,alex_task,task,alex,mind,baseline,left,4,150125,right,0.0
66a5fe222e68e08d31cb37db:5:2,66a5fe222e68e08d31cb37db,5,2,jonah_daily,daily,jonah,baseline,body,right,9,145387,right,1.0
67d8270aba9f1c19f16caa6c:9:5,67d8270aba9f1c19f16caa6c,9,5,priya_task,task,priya,body,mind,left,2,178584,right,0.0
69dd6ad13b039a859ddf8d61:3:4,69dd6ad13b039a859ddf8d61,3,4,priya_daily,daily,priya,mind,soul,right,8,115273,right,1.0
6a1f5bcb307678d7273e0f32:19:2,6a1f5bcb307678d7273e0f32,19,2,priya_daily,daily,priya,soul,mind,left,7,68585,right,0.0
66a5fe222e68e08d31cb37db:5:3,66a5fe222e68e08d31cb37db,5,3,jonah_task,task,jonah,body,mind,left,5,73715,right,0.0
6a1f5bcb307678d7273e0f32:19:3,6a1f5bcb307678d7273e0f32,19,3,priya_task,task,priya,body,full,left,6,45561,right,0.0
673360818b5b7adc97b37846:15:4,673360818b5b7adc97b37846,15,4,alex_daily,daily,alex,soul,body,right,7,199842,right,1.0
6a1f5bcb307678d7273e0f32:19:4,6a1f5bcb307678d7273e0f32,19,4,alex_daily,daily,alex,body,baseline,right,10,45943,right,1.0
69dd6ad13b039a859ddf8d61:3:5,69dd6ad13b039a859ddf8d61,3,5,priya_task,task,priya,full,body,right,8,122692,right,1.0
6a1f5bcb307678d7273e0f32:19:5,6a1f5bcb307678d7273e0f32,19,5,alex_task,task,alex,mind,body,right,9,46837,right,1.0
6a1b7ab1165d4354b5e8b718:46:0,6a1b7ab1165d4354b5e8b718,46,0,serena_daily,daily,serena,full,mind,left,5,228786,right,0.0
66a5fe222e68e08d31cb37db:5:4,66a5fe222e68e08d31cb37db,5,4,priya_daily,daily,priya,body,soul,right,9,161963,right,1.0
673360818b5b7adc97b37846:15:5,673360818b5b7adc97b37846,15,5,alex_task,task,alex,baseline,mind,left,6,109890,right,0.0
66a5fe222e68e08d31cb37db:5:5,66a5fe222e68e08d31cb37db,5,5,priya_task,task,priya,mind,baseline,left,5,49577,right,0.0
6655ebfe7ae504e7ac8a35d7:21:4,6655ebfe7ae504e7ac8a35d7,21,4,serena_daily,daily,serena,baseline,full,right,10,324592,right,1.0
6695360f96ecb0ec51bdbf5e:19:0,6695360f96ecb0ec51bdbf5e,19,0,jonah_daily,daily,jonah,full,soul,left,7,417556,right,0.0
6a1b7ab1165d4354b5e8b718:46:1,6a1b7ab1165d4354b5e8b718,46,1,serena_task,task,serena,soul,full,left,4,239230,right,0.0
6655ebfe7ae504e7ac8a35d7:21:5,6655ebfe7ae504e7ac8a35d7,21,5,serena_task,task,serena,full,mind,right,8,151610,right,1.0
695fe101e718a910de31cbab:17:0,695fe101e718a910de31cbab,17,0,jonah_daily,daily,jonah,soul,body,right,6,252387,right,1.0
6a1b7ab1165d4354b5e8b718:46:2,6a1b7ab1165d4354b5e8b718,46,2,maya_daily,daily,maya,soul,baseline,left,3,70500,right,0.0
6695360f96ecb0ec51bdbf5e:19:1,6695360f96ecb0ec51bdbf5e,19,1,jonah_task,task,jonah,baseline,soul,right,6,278265,right,1.0
6a00297ff9c814c9d89abd9d:30:0,6a00297ff9c814c9d89abd9d,30,0,alex_daily,daily,alex,baseline,mind,right,9,441736,right,1.0
6a1b7ab1165d4354b5e8b718:46:3,6a1b7ab1165d4354b5e8b718,46,3,maya_task,task,maya,mind,soul,right,9,158201,right,1.0
695fe101e718a910de31cbab:17:1,695fe101e718a910de31cbab,17,1,jonah_task,task,jonah,baseline,mind,right,9,225350,right,1.0
6a16e48625a8729b8578bbaa:12:0,6a16e48625a8729b8578bbaa,12,0,jonah_daily,daily,jonah,baseline,soul,right,10,564922,right,1.0
6695360f96ecb0ec51bdbf5e:19:2,6695360f96ecb0ec51bdbf5e,19,2,priya_daily,daily,priya,soul,mind,right,10,116190,right,1.0
67d005ea50e8bd0c72618dfa:41:0,67d005ea50e8bd0c72618dfa,41,0,serena_daily,daily,serena,baseline,body,right,10,241978,right,1.0
69dd7318e7ae811c9680e041:49:0,69dd7318e7ae811c9680e041,49,0,serena_daily,daily,serena,soul,full,right,8,385987,right,1.0
6695360f96ecb0ec51bdbf5e:19:3,6695360f96ecb0ec51bdbf5e,19,3,priya_task,task,priya,body,full,left,9,62744,right,0.0
6a1b7ab1165d4354b5e8b718:46:4,6a1b7ab1165d4354b5e8b718,46,4,jonah_daily,daily,jonah,full,body,right,9,141564,right,1.0
6a02eed302264dff7a9586fc:38:0,6a02eed302264dff7a9586fc,38,0,alex_daily,daily,alex,body,full,left,7,136914,right,0.0
67d005ea50e8bd0c72618dfa:41:1,67d005ea50e8bd0c72618dfa,41,1,serena_task,task,serena,body,mind,left,6,128869,right,0.0
6a1b7ab1165d4354b5e8b718:46:5,6a1b7ab1165d4354b5e8b718,46,5,jonah_task,task,jonah,baseline,body,right,10,54346,right,1.0
6a02eed302264dff7a9586fc:38:1,6a02eed302264dff7a9586fc,38,1,alex_task,task,alex,body,baseline,right,9,55174,right,1.0
6695360f96ecb0ec51bdbf5e:19:4,6695360f96ecb0ec51bdbf5e,19,4,alex_daily,daily,alex,body,baseline,left,9,117814,right,0.0
69f24e38225e04f9d1ea49f4:47:0,69f24e38225e04f9d1ea49f4,47,0,serena_daily,daily,serena,body,soul,right,9,393019,right,1.0
695fe101e718a910de31cbab:17:2,695fe101e718a910de31cbab,17,2,priya_daily,daily,priya,full,baseline,right,7,239226,right,1.0
6a02eed302264dff7a9586fc:38:2,6a02eed302264dff7a9586fc,38,2,serena_daily,daily,serena,mind,body,left,8,61490,right,0.0
67d005ea50e8bd0c72618dfa:41:2,67d005ea50e8bd0c72618dfa,41,2,maya_daily,daily,maya,body,soul,left,6,88864,right,0.0
60843a5bac9fbcc4a389cf29:8:0,60843a5bac9fbcc4a389cf29,8,0,maya_daily,daily,maya,full,body,right,10,404499,right,1.0
6695360f96ecb0ec51bdbf5e:19:5,6695360f96ecb0ec51bdbf5e,19,5,alex_task,task,alex,mind,body,left,10,95566,right,0.0
69dd7318e7ae811c9680e041:49:1,69dd7318e7ae811c9680e041,49,1,serena_task,task,serena,soul,baseline,left,6,223087,right,0.0
6a02eed302264dff7a9586fc:38:3,6a02eed302264dff7a9586fc,38,3,serena_task,task,serena,soul,body,left,7,71454,right,0.0
67d005ea50e8bd0c72618dfa:41:3,67d005ea50e8bd0c72618dfa,41,3,maya_task,task,maya,mind,baseline,left,5,73575,right,0.0
6a229a63b2044a3b6694cdf5:32:0,6a229a63b2044a3b6694cdf5,32,0,alex_daily,daily,alex,baseline,soul,right,9,769760,right,1.0
67c045fa5074c5500ca40e76:42:0,67c045fa5074c5500ca40e76,42,0,serena_daily,daily,serena,soul,baseline,left,4,315305,right,0.0
69f24e38225e04f9d1ea49f4:47:1,69f24e38225e04f9d1ea49f4,47,1,serena_task,task,serena,mind,baseline,right,9,186698,right,1.0
695fe101e718a910de31cbab:17:3,695fe101e718a910de31cbab,17,3,priya_task,task,priya,mind,full,right,8,179888,right,1.0
6a02eed302264dff7a9586fc:38:4,6a02eed302264dff7a9586fc,38,4,maya_daily,daily,maya,baseline,mind,left,9,92242,right,0.0
6a00297ff9c814c9d89abd9d:30:1,6a00297ff9c814c9d89abd9d,30,1,alex_task,task,alex,full,baseline,left,2,455155,right,0.0
69f24e38225e04f9d1ea49f4:47:2,69f24e38225e04f9d1ea49f4,47,2,maya_daily,daily,maya,baseline,full,left,7,63933,right,0.0
67d005ea50e8bd0c72618dfa:41:4,67d005ea50e8bd0c72618dfa,41,4,jonah_daily,daily,jonah,baseline,full,right,9,140407,right,1.0
6a02eed302264dff7a9586fc:38:5,6a02eed302264dff7a9586fc,38,5,maya_task,task,maya,full,baseline,right,10,61624,right,1.0
6a1e0c3ca12895b8ceb08628:23:0,6a1e0c3ca12895b8ceb08628,23,0,priya_daily,daily,priya,baseline,full,right,8,52389,right,1.0
60843a5bac9fbcc4a389cf29:8:1,60843a5bac9fbcc4a389cf29,8,1,maya_task,task,maya,baseline,body,right,9,201442,right,1.0
69f24e38225e04f9d1ea49f4:47:3,69f24e38225e04f9d1ea49f4,47,3,maya_task,task,maya,full,mind,right,9,47200,right,1.0
67d005ea50e8bd0c72618dfa:41:5,67d005ea50e8bd0c72618dfa,41,5,jonah_task,task,jonah,full,mind,right,10,74953,right,1.0
6984afed1eac95dcf5fbe02d:25:0,6984afed1eac95dcf5fbe02d,25,0,priya_daily,daily,priya,mind,soul,right,9,179927,right,1.0
695fe101e718a910de31cbab:17:4,695fe101e718a910de31cbab,17,4,alex_daily,daily,alex,full,soul,left,5,191748,right,0.0
6a1e0c3ca12895b8ceb08628:23:1,6a1e0c3ca12895b8ceb08628,23,1,priya_task,task,priya,full,mind,right,4,124789,right,1.0
69f24e38225e04f9d1ea49f4:47:4,69f24e38225e04f9d1ea49f4,47,4,jonah_daily,daily,jonah,soul,full,left,7,109152,right,0.0
6a00297ff9c814c9d89abd9d:30:2,6a00297ff9c814c9d89abd9d,30,2,serena_daily,daily,serena,mind,full,right,7,206453,right,1.0
60843a5bac9fbcc4a389cf29:8:2,60843a5bac9fbcc4a389cf29,8,2,jonah_daily,daily,jonah,body,mind,left,5,128508,right,0.0
6a16e48625a8729b8578bbaa:12:1,6a16e48625a8729b8578bbaa,12,1,jonah_task,task,jonah,soul,mind,left,5,656596,right,0.0
69f24e38225e04f9d1ea49f4:47:5,69f24e38225e04f9d1ea49f4,47,5,jonah_task,task,jonah,soul,baseline,left,6,48542,right,0.0
67c045fa5074c5500ca40e76:42:1,67c045fa5074c5500ca40e76,42,1,serena_task,task,serena,mind,soul,right,9,358540,right,1.0
6a1e0c3ca12895b8ceb08628:23:2,6a1e0c3ca12895b8ceb08628,23,2,alex_daily,daily,alex,soul,full,left,4,107694,right,0.0
695fe101e718a910de31cbab:17:5,695fe101e718a910de31cbab,17,5,alex_task,task,alex,baseline,soul,right,7,144729,right,1.0
6984afed1eac95dcf5fbe02d:25:1,6984afed1eac95dcf5fbe02d,25,1,priya_task,task,priya,full,body,left,2,164868,right,0.0
6a1e0c3ca12895b8ceb08628:23:3,6a1e0c3ca12895b8ceb08628,23,3,alex_task,task,alex,soul,baseline,left,3,46133,right,0.0
60843a5bac9fbcc4a389cf29:8:3,60843a5bac9fbcc4a389cf29,8,3,jonah_task,task,jonah,body,soul,left,7,166885,right,0.0
6a00297ff9c814c9d89abd9d:30:3,6a00297ff9c814c9d89abd9d,30,3,serena_task,task,serena,full,soul,right,8,195010,right,1.0
6a1e0c3ca12895b8ceb08628:23:4,6a1e0c3ca12895b8ceb08628,23,4,serena_daily,daily,serena,mind,soul,right,4,55465,right,1.0
6984afed1eac95dcf5fbe02d:25:2,6984afed1eac95dcf5fbe02d,25,2,alex_daily,daily,alex,baseline,body,right,10,129948,right,1.0
6a1e0c3ca12895b8ceb08628:23:5,6a1e0c3ca12895b8ceb08628,23,5,serena_task,task,serena,full,body,right,5,45879,right,1.0
67c045fa5074c5500ca40e76:42:2,67c045fa5074c5500ca40e76,42,2,maya_daily,daily,maya,full,body,right,9,177965,right,1.0
6a229a63b2044a3b6694cdf5:32:1,6a229a63b2044a3b6694cdf5,32,1,alex_task,task,alex,soul,mind,left,8,565849,right,0.0
6984afed1eac95dcf5fbe02d:25:3,6984afed1eac95dcf5fbe02d,25,3,alex_task,task,alex,body,mind,right,10,48031,right,1.0
